,protein,ligand,predicted_affinity,RMSD
0,/mnt/data/posebusters/posebusters_benchmark_set/6TW5_9M2/6TW5_9M2_protein.pdb,/mnt/data/posebusters/posebusters_benchmark_set/6TW5_9M2/6TW5_9M2_ligand.mol2,,
1,/mnt/data/posebusters/posebusters_benchmark_set/8E77_ULP/8E77_ULP_protein.pdb,/mnt/data/posebusters/posebusters_benchmark_set/8E77_ULP/8E77_ULP_ligand.mol2,,
2,/mnt/data/posebusters/posebusters_benchmark_set/7U3J_L6U/7U3J_L6U_protein.pdb,/mnt/data/posebusters/posebusters_benchmark_set/7U3J_L6U/7U3J_L6U_ligand.mol2,5.207841992378235,5.687035083770752
3,/mnt/data/posebusters/posebusters_benchmark_set/7M3H_YPV/7M3H_YPV_protein.pdb,/mnt/data/posebusters/posebusters_benchmark_set/7M3H_YPV/7M3H_YPV_ligand.mol2,4.205943942070007,2.1081724166870117
4,/mnt/data/posebusters/posebusters_benchmark_set/8AEM_LVF/8AEM_LVF_protein.pdb,/mnt/data/posebusters/posebusters_benchmark_set/8AEM_LVF/8AEM_LVF_ligand.mol2,,
5,/mnt/data/posebusters/posebusters_benchmark_set/7JNB_A2G/7JNB_A2G_protein.pdb,/mnt/data/posebusters/posebusters_benchmark_set/7JNB_A2G/7JNB_A2G_ligand.mol2,3.539109230041504,3.5237812995910645
6,/mnt/data/posebusters/posebusters_benchmark_set/7AKL_RK5/7AKL_RK5_protein.pdb,/mnt/data/posebusters/posebusters_benchmark_set/7AKL_RK5/7AKL_RK5_ligand.mol2,,
7,/mnt/data/posebusters/posebusters_benchmark_set/7OKF_VH5/7OKF_VH5_protein.pdb,/mnt/data/posebusters/posebusters_benchmark_set/7OKF_VH5/7OKF_VH5_ligand.mol2,,
8,/mnt/data/posebusters/posebusters_benchmark_set/7BCP_GCO/7BCP_GCO_protein.pdb,/mnt/data/posebusters/posebusters_benchmark_set/7BCP_GCO/7BCP_GCO_ligand.mol2,4.833878874778748,4.692168712615967
9,/mnt/data/posebusters/posebusters_benchmark_set/7WY1_D0L/7WY1_D0L_protein.pdb,/mnt/data/posebusters/posebusters_benchmark_set/7WY1_D0L/7WY1_D0L_ligand.mol2,5.074583888053894,7.787101745605469
10,/mnt/data/posebusters/posebusters_benchmark_set/7Q27_8KC/7Q27_8KC_protein.pdb,/mnt/data/posebusters/posebusters_benchmark_set/7Q27_8KC/7Q27_8KC_ligand.mol2,,
11,/mnt/data/posebusters/posebusters_benchmark_set/8AIE_M7L/8AIE_M7L_protein.pdb,/mnt/data/posebusters/posebusters_benchmark_set/8AIE_M7L/8AIE_M7L_ligand.mol2,4.5696938037872314,4.6709513664245605
12,/mnt/data/posebusters/posebusters_benchmark_set/6YYO_Q1K/6YYO_Q1K_protein.pdb,/mnt/data/posebusters/posebusters_benchmark_set/6YYO_Q1K/6YYO_Q1K_ligand.mol2,4.311453104019165,7.044886112213135
13,/mnt/data/posebusters/posebusters_benchmark_set/7NB4_U6Q/7NB4_U6Q_protein.pdb,/mnt/data/posebusters/posebusters_benchmark_set/7NB4_U6Q/7NB4_U6Q_ligand.mol2,5.860114693641663,3.8476414680480957
14,/mnt/data/posebusters/posebusters_benchmark_set/7NGW_UAW/7NGW_UAW_protein.pdb,/mnt/data/posebusters/posebusters_benchmark_set/7NGW_UAW/7NGW_UAW_ligand.mol2,4.911813735961914,6.075144290924072
15,/mnt/data/posebusters/posebusters_benchmark_set/8H0M_2EH/8H0M_2EH_protein.pdb,/mnt/data/posebusters/posebusters_benchmark_set/8H0M_2EH/8H0M_2EH_ligand.mol2,4.381796717643738,3.0628573894500732
16,/mnt/data/posebusters/posebusters_benchmark_set/8EX2_Q2Q/8EX2_Q2Q_protein.pdb,/mnt/data/posebusters/posebusters_benchmark_set/8EX2_Q2Q/8EX2_Q2Q_ligand.mol2,,
17,/mnt/data/posebusters/posebusters_benchmark_set/7UXS_OJC/7UXS_OJC_protein.pdb,/mnt/data/posebusters/posebusters_benchmark_set/7UXS_OJC/7UXS_OJC_ligand.mol2,,
18,/mnt/data/posebusters/posebusters_benchmark_set/7MGY_ZD1/7MGY_ZD1_protein.pdb,/mnt/data/posebusters/posebusters_benchmark_set/7MGY_ZD1/7MGY_ZD1_ligand.mol2,4.820424914360046,3.617467164993286
19,/mnt/data/posebusters/posebusters_benchmark_set/8DKO_TFB/8DKO_TFB_protein.pdb,/mnt/data/posebusters/posebusters_benchmark_set/8DKO_TFB/8DKO_TFB_ligand.mol2,3.0275309085845947,2.746717929840088
20,/mnt/data/posebusters/posebusters_benchmark_set/7CL8_TES/7CL8_TES_protein.pdb,/mnt/data/posebusters/posebusters_benchmark_set/7CL8_TES/7CL8_TES_ligand.mol2,6.480728387832642,4.237185478210449
21,/mnt/data/posebusters/posebusters_benchmark_set/7T0U_E3I/7T0U_E3I_protein.pdb,/mnt/data/posebusters/posebusters_benchmark_set/7T0U_E3I/7T0U_E3I_ligand.mol2,4.983654618263245,9.532858848571777
22,/mnt/data/posebusters/posebusters_benchmark_set/7PIH_7QW/7PIH_7QW_protein.pdb,/mnt/data/posebusters/posebusters_benchmark_set/7PIH_7QW/7PIH_7QW_ligand.mol2,,
23,/mnt/data/posebusters/posebusters_benchmark_set/7ELT_TYM/7ELT_TYM_protein.pdb,/mnt/data/posebusters/posebusters_benchmark_set/7ELT_TYM/7ELT_TYM_ligand.mol2,,
24,/mnt/data/posebusters/posebusters_benchmark_set/7ZU2_DHT/7ZU2_DHT_protein.pdb,/mnt/data/posebusters/posebusters_benchmark_set/7ZU2_DHT/7ZU2_DHT_ligand.mol2,7.122620940208435,1.0480031967163086
25,/mnt/data/posebusters/posebusters_benchmark_set/7ZOC_T8E/7ZOC_T8E_protein.pdb,/mnt/data/posebusters/posebusters_benchmark_set/7ZOC_T8E/7ZOC_T8E_ligand.mol2,6.275332570075989,1.060526728630066
26,/mnt/data/posebusters/posebusters_benchmark_set/7N4N_0BK/7N4N_0BK_protein.pdb,/mnt/data/posebusters/posebusters_benchmark_set/7N4N_0BK/7N4N_0BK_ligand.mol2,4.636279940605164,8.69969367980957
27,/mnt/data/posebusters/posebusters_benchmark_set/7SZA_DUI/7SZA_DUI_protein.pdb,/mnt/data/posebusters/posebusters_benchmark_set/7SZA_DUI/7SZA_DUI_ligand.mol2,5.045886039733887,3.487396717071533
28,/mnt/data/posebusters/posebusters_benchmark_set/7W06_ITN/7W06_ITN_protein.pdb,/mnt/data/posebusters/posebusters_benchmark_set/7W06_ITN/7W06_ITN_ligand.mol2,3.7634986639022827,1.7265112400054932
29,/mnt/data/posebusters/posebusters_benchmark_set/7UMW_NAD/7UMW_NAD_protein.pdb,/mnt/data/posebusters/posebusters_benchmark_set/7UMW_NAD/7UMW_NAD_ligand.mol2,,
30,/mnt/data/posebusters/posebusters_benchmark_set/7NTG_F6R/7NTG_F6R_protein.pdb,/mnt/data/posebusters/posebusters_benchmark_set/7NTG_F6R/7NTG_F6R_ligand.mol2,4.182502627372742,2.745845079421997
31,/mnt/data/posebusters/posebusters_benchmark_set/7DQL_4CL/7DQL_4CL_protein.pdb,/mnt/data/posebusters/posebusters_benchmark_set/7DQL_4CL/7DQL_4CL_ligand.mol2,3.942614793777466,3.2000744342803955
32,/mnt/data/posebusters/posebusters_benchmark_set/7ECR_SIN/7ECR_SIN_protein.pdb,/mnt/data/posebusters/posebusters_benchmark_set/7ECR_SIN/7ECR_SIN_ligand.mol2,4.726703763008118,0.5542558431625366
33,/mnt/data/posebusters/posebusters_benchmark_set/6ZPB_3D1/6ZPB_3D1_protein.pdb,/mnt/data/posebusters/posebusters_benchmark_set/6ZPB_3D1/6ZPB_3D1_ligand.mol2,,
34,/mnt/data/posebusters/posebusters_benchmark_set/7X9K_8OG/7X9K_8OG_protein.pdb,/mnt/data/posebusters/posebusters_benchmark_set/7X9K_8OG/7X9K_8OG_ligand.mol2,,
35,/mnt/data/posebusters/posebusters_benchmark_set/7SCW_GSP/7SCW_GSP_protein.pdb,/mnt/data/posebusters/posebusters_benchmark_set/7SCW_GSP/7SCW_GSP_ligand.mol2,5.002180337905884,2.307004690170288
36,/mnt/data/posebusters/posebusters_benchmark_set/7D6O_MTE/7D6O_MTE_protein.pdb,/mnt/data/posebusters/posebusters_benchmark_set/7D6O_MTE/7D6O_MTE_ligand.mol2,,
37,/mnt/data/posebusters/posebusters_benchmark_set/7B2C_TP7/7B2C_TP7_protein.pdb,/mnt/data/posebusters/posebusters_benchmark_set/7B2C_TP7/7B2C_TP7_ligand.mol2,,
38,/mnt/data/posebusters/posebusters_benchmark_set/7BKA_4JC/7BKA_4JC_protein.pdb,/mnt/data/posebusters/posebusters_benchmark_set/7BKA_4JC/7BKA_4JC_ligand.mol2,3.7761586904525757,3.0785794258117676
39,/mnt/data/posebusters/posebusters_benchmark_set/7RKW_5TV/7RKW_5TV_protein.pdb,/mnt/data/posebusters/posebusters_benchmark_set/7RKW_5TV/7RKW_5TV_ligand.mol2,,
40,/mnt/data/posebusters/posebusters_benchmark_set/7E2S_BLA/7E2S_BLA_protein.pdb,/mnt/data/posebusters/posebusters_benchmark_set/7E2S_BLA/7E2S_BLA_ligand.mol2,,
41,/mnt/data/posebusters/posebusters_benchmark_set/7NU0_DCL/7NU0_DCL_protein.pdb,/mnt/data/posebusters/posebusters_benchmark_set/7NU0_DCL/7NU0_DCL_ligand.mol2,6.1483752727508545,2.437340021133423
42,/mnt/data/posebusters/posebusters_benchmark_set/7WKL_CAQ/7WKL_CAQ_protein.pdb,/mnt/data/posebusters/posebusters_benchmark_set/7WKL_CAQ/7WKL_CAQ_ligand.mol2,4.614652991294861,2.493013620376587
43,/mnt/data/posebusters/posebusters_benchmark_set/8D39_QDB/8D39_QDB_protein.pdb,/mnt/data/posebusters/posebusters_benchmark_set/8D39_QDB/8D39_QDB_ligand.mol2,4.844985008239746,2.530303478240967
44,/mnt/data/posebusters/posebusters_benchmark_set/7SIU_9ID/7SIU_9ID_protein.pdb,/mnt/data/posebusters/posebusters_benchmark_set/7SIU_9ID/7SIU_9ID_ligand.mol2,,
45,/mnt/data/posebusters/posebusters_benchmark_set/8BN6_R53/8BN6_R53_protein.pdb,/mnt/data/posebusters/posebusters_benchmark_set/8BN6_R53/8BN6_R53_ligand.mol2,,
46,/mnt/data/posebusters/posebusters_benchmark_set/7LJN_GTP/7LJN_GTP_protein.pdb,/mnt/data/posebusters/posebusters_benchmark_set/7LJN_GTP/7LJN_GTP_ligand.mol2,5.20652174949646,3.8077502250671387
47,/mnt/data/posebusters/posebusters_benchmark_set/7QTA_URI/7QTA_URI_protein.pdb,/mnt/data/posebusters/posebusters_benchmark_set/7QTA_URI/7QTA_URI_ligand.mol2,,
48,/mnt/data/posebusters/posebusters_benchmark_set/7P2I_MFU/7P2I_MFU_protein.pdb,/mnt/data/posebusters/posebusters_benchmark_set/7P2I_MFU/7P2I_MFU_ligand.mol2,,
49,/mnt/data/posebusters/posebusters_benchmark_set/7ZZB_KGX/7ZZB_KGX_protein.pdb,/mnt/data/posebusters/posebusters_benchmark_set/7ZZB_KGX/7ZZB_KGX_ligand.mol2,,
50,/mnt/data/posebusters/posebusters_benchmark_set/8HFN_XGC/8HFN_XGC_protein.pdb,/mnt/data/posebusters/posebusters_benchmark_set/8HFN_XGC/8HFN_XGC_ligand.mol2,4.6232157945632935,4.189185619354248
51,/mnt/data/posebusters/posebusters_benchmark_set/7JUD_MMA/7JUD_MMA_protein.pdb,/mnt/data/posebusters/posebusters_benchmark_set/7JUD_MMA/7JUD_MMA_ligand.mol2,2.5552338361740112,3.2847752571105957
52,/mnt/data/posebusters/posebusters_benchmark_set/8C7Y_TXV/8C7Y_TXV_protein.pdb,/mnt/data/posebusters/posebusters_benchmark_set/8C7Y_TXV/8C7Y_TXV_ligand.mol2,,
53,/mnt/data/posebusters/posebusters_benchmark_set/7L6D_BMF/7L6D_BMF_protein.pdb,/mnt/data/posebusters/posebusters_benchmark_set/7L6D_BMF/7L6D_BMF_ligand.mol2,5.893282890319824,2.452373504638672
54,/mnt/data/posebusters/posebusters_benchmark_set/7QE4_NGA/7QE4_NGA_protein.pdb,/mnt/data/posebusters/posebusters_benchmark_set/7QE4_NGA/7QE4_NGA_ligand.mol2,2.5231093168258667,1.3332831859588623
55,/mnt/data/posebusters/posebusters_benchmark_set/6ZXQ_IMO/6ZXQ_IMO_protein.pdb,/mnt/data/posebusters/posebusters_benchmark_set/6ZXQ_IMO/6ZXQ_IMO_ligand.mol2,,
56,/mnt/data/posebusters/posebusters_benchmark_set/6ZAE_ACV/6ZAE_ACV_protein.pdb,/mnt/data/posebusters/posebusters_benchmark_set/6ZAE_ACV/6ZAE_ACV_ligand.mol2,4.816949367523193,3.6018576622009277
57,/mnt/data/posebusters/posebusters_benchmark_set/7T3E_SLB/7T3E_SLB_protein.pdb,/mnt/data/posebusters/posebusters_benchmark_set/7T3E_SLB/7T3E_SLB_ligand.mol2,4.184121489524841,2.2652947902679443
58,/mnt/data/posebusters/posebusters_benchmark_set/7XFA_D9J/7XFA_D9J_protein.pdb,/mnt/data/posebusters/posebusters_benchmark_set/7XFA_D9J/7XFA_D9J_ligand.mol2,,
59,/mnt/data/posebusters/posebusters_benchmark_set/7XBV_APC/7XBV_APC_protein.pdb,/mnt/data/posebusters/posebusters_benchmark_set/7XBV_APC/7XBV_APC_ligand.mol2,,
60,/mnt/data/posebusters/posebusters_benchmark_set/7UMV_NUU/7UMV_NUU_protein.pdb,/mnt/data/posebusters/posebusters_benchmark_set/7UMV_NUU/7UMV_NUU_ligand.mol2,4.685956239700317,6.090396881103516
61,/mnt/data/posebusters/posebusters_benchmark_set/7LT0_ONJ/7LT0_ONJ_protein.pdb,/mnt/data/posebusters/posebusters_benchmark_set/7LT0_ONJ/7LT0_ONJ_ligand.mol2,6.755168437957764,3.3225462436676025
62,/mnt/data/posebusters/posebusters_benchmark_set/7L5F_XNG/7L5F_XNG_protein.pdb,/mnt/data/posebusters/posebusters_benchmark_set/7L5F_XNG/7L5F_XNG_ligand.mol2,3.7379223108291626,7.412344932556152
63,/mnt/data/posebusters/posebusters_benchmark_set/8C3N_ADP/8C3N_ADP_protein.pdb,/mnt/data/posebusters/posebusters_benchmark_set/8C3N_ADP/8C3N_ADP_ligand.mol2,,
64,/mnt/data/posebusters/posebusters_benchmark_set/7TUO_KL9/7TUO_KL9_protein.pdb,/mnt/data/posebusters/posebusters_benchmark_set/7TUO_KL9/7TUO_KL9_ligand.mol2,6.016289591789246,10.478973388671875
65,/mnt/data/posebusters/posebusters_benchmark_set/7WUY_76N/7WUY_76N_protein.pdb,/mnt/data/posebusters/posebusters_benchmark_set/7WUY_76N/7WUY_76N_ligand.mol2,,
66,/mnt/data/posebusters/posebusters_benchmark_set/7R59_I5F/7R59_I5F_protein.pdb,/mnt/data/posebusters/posebusters_benchmark_set/7R59_I5F/7R59_I5F_ligand.mol2,7.086513042449951,1.590664029121399
67,/mnt/data/posebusters/posebusters_benchmark_set/7ZHP_IQY/7ZHP_IQY_protein.pdb,/mnt/data/posebusters/posebusters_benchmark_set/7ZHP_IQY/7ZHP_IQY_ligand.mol2,,
68,/mnt/data/posebusters/posebusters_benchmark_set/8AQL_PLG/8AQL_PLG_protein.pdb,/mnt/data/posebusters/posebusters_benchmark_set/8AQL_PLG/8AQL_PLG_ligand.mol2,4.291585087776184,4.011349201202393
69,/mnt/data/posebusters/posebusters_benchmark_set/7KP6_WTP/7KP6_WTP_protein.pdb,/mnt/data/posebusters/posebusters_benchmark_set/7KP6_WTP/7KP6_WTP_ligand.mol2,7.0314717292785645,2.2504563331604004
70,/mnt/data/posebusters/posebusters_benchmark_set/6XM9_V55/6XM9_V55_protein.pdb,/mnt/data/posebusters/posebusters_benchmark_set/6XM9_V55/6XM9_V55_ligand.mol2,5.8710116147994995,3.8199167251586914
71,/mnt/data/posebusters/posebusters_benchmark_set/7AA0_R6B/7AA0_R6B_protein.pdb,/mnt/data/posebusters/posebusters_benchmark_set/7AA0_R6B/7AA0_R6B_ligand.mol2,6.197618842124939,4.513216495513916
72,/mnt/data/posebusters/posebusters_benchmark_set/7T3F_EM0/7T3F_EM0_protein.pdb,/mnt/data/posebusters/posebusters_benchmark_set/7T3F_EM0/7T3F_EM0_ligand.mol2,4.816911816596985,2.7334210872650146
73,/mnt/data/posebusters/posebusters_benchmark_set/6TW7_NZB/6TW7_NZB_protein.pdb,/mnt/data/posebusters/posebusters_benchmark_set/6TW7_NZB/6TW7_NZB_ligand.mol2,,
74,/mnt/data/posebusters/posebusters_benchmark_set/7THI_PGA/7THI_PGA_protein.pdb,/mnt/data/posebusters/posebusters_benchmark_set/7THI_PGA/7THI_PGA_ligand.mol2,5.304508209228516,1.8156832456588745
75,/mnt/data/posebusters/posebusters_benchmark_set/5SD5_HWI/5SD5_HWI_protein.pdb,/mnt/data/posebusters/posebusters_benchmark_set/5SD5_HWI/5SD5_HWI_ligand.mol2,6.269175410270691,3.5779342651367188
76,/mnt/data/posebusters/posebusters_benchmark_set/7P4J_5JK/7P4J_5JK_protein.pdb,/mnt/data/posebusters/posebusters_benchmark_set/7P4J_5JK/7P4J_5JK_ligand.mol2,6.989279389381409,4.494917392730713
77,/mnt/data/posebusters/posebusters_benchmark_set/6YQW_82I/6YQW_82I_protein.pdb,/mnt/data/posebusters/posebusters_benchmark_set/6YQW_82I/6YQW_82I_ligand.mol2,,
78,/mnt/data/posebusters/posebusters_benchmark_set/7ZF0_DHR/7ZF0_DHR_protein.pdb,/mnt/data/posebusters/posebusters_benchmark_set/7ZF0_DHR/7ZF0_DHR_ligand.mol2,,
79,/mnt/data/posebusters/posebusters_benchmark_set/5S8I_2LY/5S8I_2LY_protein.pdb,/mnt/data/posebusters/posebusters_benchmark_set/5S8I_2LY/5S8I_2LY_ligand.mol2,3.4751462936401367,4.194147109985352
80,/mnt/data/posebusters/posebusters_benchmark_set/7V8Z_5YH/7V8Z_5YH_protein.pdb,/mnt/data/posebusters/posebusters_benchmark_set/7V8Z_5YH/7V8Z_5YH_ligand.mol2,,
81,/mnt/data/posebusters/posebusters_benchmark_set/7MWU_ZPM/7MWU_ZPM_protein.pdb,/mnt/data/posebusters/posebusters_benchmark_set/7MWU_ZPM/7MWU_ZPM_ligand.mol2,2.444346994161606,2.7713141441345215
82,/mnt/data/posebusters/posebusters_benchmark_set/7NSW_HC4/7NSW_HC4_protein.pdb,/mnt/data/posebusters/posebusters_benchmark_set/7NSW_HC4/7NSW_HC4_ligand.mol2,6.005023121833801,0.8884516358375549
83,/mnt/data/posebusters/posebusters_benchmark_set/6WTN_RXT/6WTN_RXT_protein.pdb,/mnt/data/posebusters/posebusters_benchmark_set/6WTN_RXT/6WTN_RXT_ligand.mol2,,
84,/mnt/data/posebusters/posebusters_benchmark_set/8HO0_3ZI/8HO0_3ZI_protein.pdb,/mnt/data/posebusters/posebusters_benchmark_set/8HO0_3ZI/8HO0_3ZI_ligand.mol2,,
85,/mnt/data/posebusters/posebusters_benchmark_set/6XG5_TOP/6XG5_TOP_protein.pdb,/mnt/data/posebusters/posebusters_benchmark_set/6XG5_TOP/6XG5_TOP_ligand.mol2,6.3735514879226685,1.636845350265503
86,/mnt/data/posebusters/posebusters_benchmark_set/8FAV_4Y5/8FAV_4Y5_protein.pdb,/mnt/data/posebusters/posebusters_benchmark_set/8FAV_4Y5/8FAV_4Y5_ligand.mol2,,
87,/mnt/data/posebusters/posebusters_benchmark_set/7PL1_SFG/7PL1_SFG_protein.pdb,/mnt/data/posebusters/posebusters_benchmark_set/7PL1_SFG/7PL1_SFG_ligand.mol2,,
88,/mnt/data/posebusters/posebusters_benchmark_set/8SLG_G5A/8SLG_G5A_protein.pdb,/mnt/data/posebusters/posebusters_benchmark_set/8SLG_G5A/8SLG_G5A_ligand.mol2,,
89,/mnt/data/posebusters/posebusters_benchmark_set/7X5N_5M5/7X5N_5M5_protein.pdb,/mnt/data/posebusters/posebusters_benchmark_set/7X5N_5M5/7X5N_5M5_ligand.mol2,,
90,/mnt/data/posebusters/posebusters_benchmark_set/7CIJ_G0C/7CIJ_G0C_protein.pdb,/mnt/data/posebusters/posebusters_benchmark_set/7CIJ_G0C/7CIJ_G0C_ligand.mol2,5.758724212646484,5.66926908493042
91,/mnt/data/posebusters/posebusters_benchmark_set/7RNI_60I/7RNI_60I_protein.pdb,/mnt/data/posebusters/posebusters_benchmark_set/7RNI_60I/7RNI_60I_ligand.mol2,,
92,/mnt/data/posebusters/posebusters_benchmark_set/7O0N_CDP/7O0N_CDP_protein.pdb,/mnt/data/posebusters/posebusters_benchmark_set/7O0N_CDP/7O0N_CDP_ligand.mol2,,
93,/mnt/data/posebusters/posebusters_benchmark_set/8G43_ZU6/8G43_ZU6_protein.pdb,/mnt/data/posebusters/posebusters_benchmark_set/8G43_ZU6/8G43_ZU6_ligand.mol2,,
94,/mnt/data/posebusters/posebusters_benchmark_set/6ZC3_JOR/6ZC3_JOR_protein.pdb,/mnt/data/posebusters/posebusters_benchmark_set/6ZC3_JOR/6ZC3_JOR_ligand.mol2,3.7707537412643433,3.959686517715454
95,/mnt/data/posebusters/posebusters_benchmark_set/6ZX3_QRZ/6ZX3_QRZ_protein.pdb,/mnt/data/posebusters/posebusters_benchmark_set/6ZX3_QRZ/6ZX3_QRZ_ligand.mol2,,
96,/mnt/data/posebusters/posebusters_benchmark_set/7ROR_69X/7ROR_69X_protein.pdb,/mnt/data/posebusters/posebusters_benchmark_set/7ROR_69X/7ROR_69X_ligand.mol2,,
97,/mnt/data/posebusters/posebusters_benchmark_set/7USH_82V/7USH_82V_protein.pdb,/mnt/data/posebusters/posebusters_benchmark_set/7USH_82V/7USH_82V_ligand.mol2,,
98,/mnt/data/posebusters/posebusters_benchmark_set/8EXL_799/8EXL_799_protein.pdb,/mnt/data/posebusters/posebusters_benchmark_set/8EXL_799/8EXL_799_ligand.mol2,,
99,/mnt/data/posebusters/posebusters_benchmark_set/7B94_ANP/7B94_ANP_protein.pdb,/mnt/data/posebusters/posebusters_benchmark_set/7B94_ANP/7B94_ANP_ligand.mol2,,
100,/mnt/data/posebusters/posebusters_benchmark_set/5SB2_1K2/5SB2_1K2_protein.pdb,/mnt/data/posebusters/posebusters_benchmark_set/5SB2_1K2/5SB2_1K2_ligand.mol2,,
101,/mnt/data/posebusters/posebusters_benchmark_set/7ZDY_6MJ/7ZDY_6MJ_protein.pdb,/mnt/data/posebusters/posebusters_benchmark_set/7ZDY_6MJ/7ZDY_6MJ_ligand.mol2,4.994950294494629,2.297900438308716
102,/mnt/data/posebusters/posebusters_benchmark_set/7DIN_MPO/7DIN_MPO_protein.pdb,/mnt/data/posebusters/posebusters_benchmark_set/7DIN_MPO/7DIN_MPO_ligand.mol2,3.907330632209778,5.700401782989502
103,/mnt/data/posebusters/posebusters_benchmark_set/7TBU_S3P/7TBU_S3P_protein.pdb,/mnt/data/posebusters/posebusters_benchmark_set/7TBU_S3P/7TBU_S3P_ligand.mol2,4.447797536849976,5.012808322906494
104,/mnt/data/posebusters/posebusters_benchmark_set/7OZ9_NGK/7OZ9_NGK_protein.pdb,/mnt/data/posebusters/posebusters_benchmark_set/7OZ9_NGK/7OZ9_NGK_ligand.mol2,3.22465717792511,4.503239154815674
105,/mnt/data/posebusters/posebusters_benchmark_set/7NA4_1I9/7NA4_1I9_protein.pdb,/mnt/data/posebusters/posebusters_benchmark_set/7NA4_1I9/7NA4_1I9_ligand.mol2,,
106,/mnt/data/posebusters/posebusters_benchmark_set/7BHX_TO5/7BHX_TO5_protein.pdb,/mnt/data/posebusters/posebusters_benchmark_set/7BHX_TO5/7BHX_TO5_ligand.mol2,,
107,/mnt/data/posebusters/posebusters_benchmark_set/8G0V_YHT/8G0V_YHT_protein.pdb,/mnt/data/posebusters/posebusters_benchmark_set/8G0V_YHT/8G0V_YHT_ligand.mol2,,
108,/mnt/data/posebusters/posebusters_benchmark_set/7JHQ_VAJ/7JHQ_VAJ_protein.pdb,/mnt/data/posebusters/posebusters_benchmark_set/7JHQ_VAJ/7JHQ_VAJ_ligand.mol2,,
109,/mnt/data/posebusters/posebusters_benchmark_set/7JGW_V9S/7JGW_V9S_protein.pdb,/mnt/data/posebusters/posebusters_benchmark_set/7JGW_V9S/7JGW_V9S_ligand.mol2,5.829927921295166,5.848951816558838
110,/mnt/data/posebusters/posebusters_benchmark_set/8BTI_RFO/8BTI_RFO_protein.pdb,/mnt/data/posebusters/posebusters_benchmark_set/8BTI_RFO/8BTI_RFO_ligand.mol2,,
111,/mnt/data/posebusters/posebusters_benchmark_set/7K41_VUA/7K41_VUA_protein.pdb,/mnt/data/posebusters/posebusters_benchmark_set/7K41_VUA/7K41_VUA_ligand.mol2,7.878469824790955,5.828688144683838
112,/mnt/data/posebusters/posebusters_benchmark_set/7OKC_VFE/7OKC_VFE_protein.pdb,/mnt/data/posebusters/posebusters_benchmark_set/7OKC_VFE/7OKC_VFE_ligand.mol2,,
113,/mnt/data/posebusters/posebusters_benchmark_set/7M41_YQG/7M41_YQG_protein.pdb,/mnt/data/posebusters/posebusters_benchmark_set/7M41_YQG/7M41_YQG_ligand.mol2,,
114,/mnt/data/posebusters/posebusters_benchmark_set/7EBG_J0L/7EBG_J0L_protein.pdb,/mnt/data/posebusters/posebusters_benchmark_set/7EBG_J0L/7EBG_J0L_ligand.mol2,5.073087811470032,3.2961738109588623
115,/mnt/data/posebusters/posebusters_benchmark_set/7P1M_4IU/7P1M_4IU_protein.pdb,/mnt/data/posebusters/posebusters_benchmark_set/7P1M_4IU/7P1M_4IU_ligand.mol2,,
116,/mnt/data/posebusters/posebusters_benchmark_set/7F8T_FAD/7F8T_FAD_protein.pdb,/mnt/data/posebusters/posebusters_benchmark_set/7F8T_FAD/7F8T_FAD_ligand.mol2,,
117,/mnt/data/posebusters/posebusters_benchmark_set/7QGP_DJ8/7QGP_DJ8_protein.pdb,/mnt/data/posebusters/posebusters_benchmark_set/7QGP_DJ8/7QGP_DJ8_ligand.mol2,7.34876275062561,6.9581685066223145
118,/mnt/data/posebusters/posebusters_benchmark_set/7L81_UD4/7L81_UD4_protein.pdb,/mnt/data/posebusters/posebusters_benchmark_set/7L81_UD4/7L81_UD4_ligand.mol2,,
119,/mnt/data/posebusters/posebusters_benchmark_set/8D19_GSH/8D19_GSH_protein.pdb,/mnt/data/posebusters/posebusters_benchmark_set/8D19_GSH/8D19_GSH_ligand.mol2,4.8725080490112305,6.586847305297852
120,/mnt/data/posebusters/posebusters_benchmark_set/7BJJ_TVW/7BJJ_TVW_protein.pdb,/mnt/data/posebusters/posebusters_benchmark_set/7BJJ_TVW/7BJJ_TVW_ligand.mol2,,
121,/mnt/data/posebusters/posebusters_benchmark_set/7SSM_B7L/7SSM_B7L_protein.pdb,/mnt/data/posebusters/posebusters_benchmark_set/7SSM_B7L/7SSM_B7L_ligand.mol2,4.410727620124817,4.214070796966553
122,/mnt/data/posebusters/posebusters_benchmark_set/6YQV_8K2/6YQV_8K2_protein.pdb,/mnt/data/posebusters/posebusters_benchmark_set/6YQV_8K2/6YQV_8K2_ligand.mol2,,
123,/mnt/data/posebusters/posebusters_benchmark_set/7NR8_UOE/7NR8_UOE_protein.pdb,/mnt/data/posebusters/posebusters_benchmark_set/7NR8_UOE/7NR8_UOE_ligand.mol2,,
124,/mnt/data/posebusters/posebusters_benchmark_set/7NUT_GLP/7NUT_GLP_protein.pdb,/mnt/data/posebusters/posebusters_benchmark_set/7NUT_GLP/7NUT_GLP_ligand.mol2,4.283601641654968,5.057854652404785
125,/mnt/data/posebusters/posebusters_benchmark_set/8CI0_8EL/8CI0_8EL_protein.pdb,/mnt/data/posebusters/posebusters_benchmark_set/8CI0_8EL/8CI0_8EL_ligand.mol2,3.2977312803268433,9.602283477783203
126,/mnt/data/posebusters/posebusters_benchmark_set/7ZYS_KNR/7ZYS_KNR_protein.pdb,/mnt/data/posebusters/posebusters_benchmark_set/7ZYS_KNR/7ZYS_KNR_ligand.mol2,0.9852312505245209,7.357569217681885
127,/mnt/data/posebusters/posebusters_benchmark_set/7P4V_DAT/7P4V_DAT_protein.pdb,/mnt/data/posebusters/posebusters_benchmark_set/7P4V_DAT/7P4V_DAT_ligand.mol2,,
128,/mnt/data/posebusters/posebusters_benchmark_set/8F8E_XJI/8F8E_XJI_protein.pdb,/mnt/data/posebusters/posebusters_benchmark_set/8F8E_XJI/8F8E_XJI_ligand.mol2,,
129,/mnt/data/posebusters/posebusters_benchmark_set/6Y7L_QMG/6Y7L_QMG_protein.pdb,/mnt/data/posebusters/posebusters_benchmark_set/6Y7L_QMG/6Y7L_QMG_ligand.mol2,4.487177133560181,3.2445473670959473
130,/mnt/data/posebusters/posebusters_benchmark_set/6YMS_OZH/6YMS_OZH_protein.pdb,/mnt/data/posebusters/posebusters_benchmark_set/6YMS_OZH/6YMS_OZH_ligand.mol2,4.575250148773193,5.220717430114746
131,/mnt/data/posebusters/posebusters_benchmark_set/7L00_XCJ/7L00_XCJ_protein.pdb,/mnt/data/posebusters/posebusters_benchmark_set/7L00_XCJ/7L00_XCJ_ligand.mol2,,
132,/mnt/data/posebusters/posebusters_benchmark_set/7EN7_J79/7EN7_J79_protein.pdb,/mnt/data/posebusters/posebusters_benchmark_set/7EN7_J79/7EN7_J79_ligand.mol2,4.87471878528595,4.859064102172852
133,/mnt/data/posebusters/posebusters_benchmark_set/7U0U_FK5/7U0U_FK5_protein.pdb,/mnt/data/posebusters/posebusters_benchmark_set/7U0U_FK5/7U0U_FK5_ligand.mol2,3.775358200073242,7.553362846374512
134,/mnt/data/posebusters/posebusters_benchmark_set/7NF3_4LU/7NF3_4LU_protein.pdb,/mnt/data/posebusters/posebusters_benchmark_set/7NF3_4LU/7NF3_4LU_ligand.mol2,,
135,/mnt/data/posebusters/posebusters_benchmark_set/7UEY_N0R/7UEY_N0R_protein.pdb,/mnt/data/posebusters/posebusters_benchmark_set/7UEY_N0R/7UEY_N0R_ligand.mol2,4.6309274435043335,9.898075103759766
136,/mnt/data/posebusters/posebusters_benchmark_set/7WPW_F15/7WPW_F15_protein.pdb,/mnt/data/posebusters/posebusters_benchmark_set/7WPW_F15/7WPW_F15_ligand.mol2,4.8202890157699585,4.542489051818848
137,/mnt/data/posebusters/posebusters_benchmark_set/7KQU_YOF/7KQU_YOF_protein.pdb,/mnt/data/posebusters/posebusters_benchmark_set/7KQU_YOF/7KQU_YOF_ligand.mol2,5.124958753585815,5.738711357116699
138,/mnt/data/posebusters/posebusters_benchmark_set/7OFK_VCH/7OFK_VCH_protein.pdb,/mnt/data/posebusters/posebusters_benchmark_set/7OFK_VCH/7OFK_VCH_ligand.mol2,6.958554983139038,2.4660110473632812
139,/mnt/data/posebusters/posebusters_benchmark_set/7OLI_8HG/7OLI_8HG_protein.pdb,/mnt/data/posebusters/posebusters_benchmark_set/7OLI_8HG/7OLI_8HG_ligand.mol2,,
140,/mnt/data/posebusters/posebusters_benchmark_set/7BNH_BEZ/7BNH_BEZ_protein.pdb,/mnt/data/posebusters/posebusters_benchmark_set/7BNH_BEZ/7BNH_BEZ_ligand.mol2,2.727528214454651,2.264979839324951
141,/mnt/data/posebusters/posebusters_benchmark_set/6M2B_EZO/6M2B_EZO_protein.pdb,/mnt/data/posebusters/posebusters_benchmark_set/6M2B_EZO/6M2B_EZO_ligand.mol2,7.4770331382751465,3.092970848083496
142,/mnt/data/posebusters/posebusters_benchmark_set/7W6F_8I6/7W6F_8I6_protein.pdb,/mnt/data/posebusters/posebusters_benchmark_set/7W6F_8I6/7W6F_8I6_ligand.mol2,5.3143298625946045,4.2556023597717285
143,/mnt/data/posebusters/posebusters_benchmark_set/7R6J_2I7/7R6J_2I7_protein.pdb,/mnt/data/posebusters/posebusters_benchmark_set/7R6J_2I7/7R6J_2I7_ligand.mol2,5.942773222923279,8.281563758850098
144,/mnt/data/posebusters/posebusters_benchmark_set/7WQQ_5Z6/7WQQ_5Z6_protein.pdb,/mnt/data/posebusters/posebusters_benchmark_set/7WQQ_5Z6/7WQQ_5Z6_ligand.mol2,7.550919055938721,0.9292942881584167
145,/mnt/data/posebusters/posebusters_benchmark_set/8ACL_LQL/8ACL_LQL_protein.pdb,/mnt/data/posebusters/posebusters_benchmark_set/8ACL_LQL/8ACL_LQL_ligand.mol2,6.91007673740387,5.010157585144043
146,/mnt/data/posebusters/posebusters_benchmark_set/7Q19_DSM/7Q19_DSM_protein.pdb,/mnt/data/posebusters/posebusters_benchmark_set/7Q19_DSM/7Q19_DSM_ligand.mol2,5.873445272445679,4.410359859466553
147,/mnt/data/posebusters/posebusters_benchmark_set/6ZK5_IMH/6ZK5_IMH_protein.pdb,/mnt/data/posebusters/posebusters_benchmark_set/6ZK5_IMH/6ZK5_IMH_ligand.mol2,,
148,/mnt/data/posebusters/posebusters_benchmark_set/7QF4_RBF/7QF4_RBF_protein.pdb,/mnt/data/posebusters/posebusters_benchmark_set/7QF4_RBF/7QF4_RBF_ligand.mol2,,
149,/mnt/data/posebusters/posebusters_benchmark_set/7SGV_L30/7SGV_L30_protein.pdb,/mnt/data/posebusters/posebusters_benchmark_set/7SGV_L30/7SGV_L30_ligand.mol2,6.717737913131714,4.549389362335205
150,/mnt/data/posebusters/posebusters_benchmark_set/7PRM_81I/7PRM_81I_protein.pdb,/mnt/data/posebusters/posebusters_benchmark_set/7PRM_81I/7PRM_81I_ligand.mol2,8.03901731967926,2.4655168056488037
151,/mnt/data/posebusters/posebusters_benchmark_set/7UJ5_DGL/7UJ5_DGL_protein.pdb,/mnt/data/posebusters/posebusters_benchmark_set/7UJ5_DGL/7UJ5_DGL_ligand.mol2,3.7491196393966675,2.067645788192749
152,/mnt/data/posebusters/posebusters_benchmark_set/7KC5_BJZ/7KC5_BJZ_protein.pdb,/mnt/data/posebusters/posebusters_benchmark_set/7KC5_BJZ/7KC5_BJZ_ligand.mol2,8.261612057685852,4.436283111572266
153,/mnt/data/posebusters/posebusters_benchmark_set/7TWC_CXS/7TWC_CXS_protein.pdb,/mnt/data/posebusters/posebusters_benchmark_set/7TWC_CXS/7TWC_CXS_ligand.mol2,4.314215183258057,4.3633527755737305
154,/mnt/data/posebusters/posebusters_benchmark_set/7T2I_E9F/7T2I_E9F_protein.pdb,/mnt/data/posebusters/posebusters_benchmark_set/7T2I_E9F/7T2I_E9F_ligand.mol2,,
155,/mnt/data/posebusters/posebusters_benchmark_set/5SIS_JSM/5SIS_JSM_protein.pdb,/mnt/data/posebusters/posebusters_benchmark_set/5SIS_JSM/5SIS_JSM_ligand.mol2,,
156,/mnt/data/posebusters/posebusters_benchmark_set/7MRH_ZMJ/7MRH_ZMJ_protein.pdb,/mnt/data/posebusters/posebusters_benchmark_set/7MRH_ZMJ/7MRH_ZMJ_ligand.mol2,,
157,/mnt/data/posebusters/posebusters_benchmark_set/6ZR8_QOZ/6ZR8_QOZ_protein.pdb,/mnt/data/posebusters/posebusters_benchmark_set/6ZR8_QOZ/6ZR8_QOZ_ligand.mol2,6.429057717323303,2.877527952194214
158,/mnt/data/posebusters/posebusters_benchmark_set/7PGX_FMN/7PGX_FMN_protein.pdb,/mnt/data/posebusters/posebusters_benchmark_set/7PGX_FMN/7PGX_FMN_ligand.mol2,,
159,/mnt/data/posebusters/posebusters_benchmark_set/7PK0_BYC/7PK0_BYC_protein.pdb,/mnt/data/posebusters/posebusters_benchmark_set/7PK0_BYC/7PK0_BYC_ligand.mol2,,
160,/mnt/data/posebusters/posebusters_benchmark_set/7RWS_4UR/7RWS_4UR_protein.pdb,/mnt/data/posebusters/posebusters_benchmark_set/7RWS_4UR/7RWS_4UR_ligand.mol2,,
161,/mnt/data/posebusters/posebusters_benchmark_set/7JR8_VH7/7JR8_VH7_protein.pdb,/mnt/data/posebusters/posebusters_benchmark_set/7JR8_VH7/7JR8_VH7_ligand.mol2,5.688770413398743,8.318825721740723
162,/mnt/data/posebusters/posebusters_benchmark_set/8CNH_V6U/8CNH_V6U_protein.pdb,/mnt/data/posebusters/posebusters_benchmark_set/8CNH_V6U/8CNH_V6U_ligand.mol2,,
163,/mnt/data/posebusters/posebusters_benchmark_set/7ODX_DGP/7ODX_DGP_protein.pdb,/mnt/data/posebusters/posebusters_benchmark_set/7ODX_DGP/7ODX_DGP_ligand.mol2,3.4589654207229614,4.041306972503662
164,/mnt/data/posebusters/posebusters_benchmark_set/6YSP_PAL/6YSP_PAL_protein.pdb,/mnt/data/posebusters/posebusters_benchmark_set/6YSP_PAL/6YSP_PAL_ligand.mol2,7.50202476978302,1.6340341567993164
165,/mnt/data/posebusters/posebusters_benchmark_set/7ZCC_OGA/7ZCC_OGA_protein.pdb,/mnt/data/posebusters/posebusters_benchmark_set/7ZCC_OGA/7ZCC_OGA_ligand.mol2,3.6975765228271484,0.9226211905479431
166,/mnt/data/posebusters/posebusters_benchmark_set/7LCU_XTA/7LCU_XTA_protein.pdb,/mnt/data/posebusters/posebusters_benchmark_set/7LCU_XTA/7LCU_XTA_ligand.mol2,8.154538869857788,5.590246200561523
167,/mnt/data/posebusters/posebusters_benchmark_set/7L03_F9F/7L03_F9F_protein.pdb,/mnt/data/posebusters/posebusters_benchmark_set/7L03_F9F/7L03_F9F_ligand.mol2,4.309920072555542,1.2791413068771362
168,/mnt/data/posebusters/posebusters_benchmark_set/7UJF_R3V/7UJF_R3V_protein.pdb,/mnt/data/posebusters/posebusters_benchmark_set/7UJF_R3V/7UJF_R3V_ligand.mol2,8.072469234466553,4.331768989562988
169,/mnt/data/posebusters/posebusters_benchmark_set/7TXP_0FX/7TXP_0FX_protein.pdb,/mnt/data/posebusters/posebusters_benchmark_set/7TXP_0FX/7TXP_0FX_ligand.mol2,,
170,/mnt/data/posebusters/posebusters_benchmark_set/7ZXZ_K9R/7ZXZ_K9R_protein.pdb,/mnt/data/posebusters/posebusters_benchmark_set/7ZXZ_K9R/7ZXZ_K9R_ligand.mol2,6.754687428474426,3.048067569732666
171,/mnt/data/posebusters/posebusters_benchmark_set/7RPZ_6IC/7RPZ_6IC_protein.pdb,/mnt/data/posebusters/posebusters_benchmark_set/7RPZ_6IC/7RPZ_6IC_ligand.mol2,5.7877010107040405,5.499139785766602
172,/mnt/data/posebusters/posebusters_benchmark_set/7TYP_KUR/7TYP_KUR_protein.pdb,/mnt/data/posebusters/posebusters_benchmark_set/7TYP_KUR/7TYP_KUR_ligand.mol2,,
173,/mnt/data/posebusters/posebusters_benchmark_set/8DZT_G4P/8DZT_G4P_protein.pdb,/mnt/data/posebusters/posebusters_benchmark_set/8DZT_G4P/8DZT_G4P_ligand.mol2,5.987260937690735,5.1641435623168945
174,/mnt/data/posebusters/posebusters_benchmark_set/7A9E_R4W/7A9E_R4W_protein.pdb,/mnt/data/posebusters/posebusters_benchmark_set/7A9E_R4W/7A9E_R4W_ligand.mol2,3.5543370246887207,2.204817295074463
175,/mnt/data/posebusters/posebusters_benchmark_set/7RH8_UTP/7RH8_UTP_protein.pdb,/mnt/data/posebusters/posebusters_benchmark_set/7RH8_UTP/7RH8_UTP_ligand.mol2,,
176,/mnt/data/posebusters/posebusters_benchmark_set/7ROU_66I/7ROU_66I_protein.pdb,/mnt/data/posebusters/posebusters_benchmark_set/7ROU_66I/7ROU_66I_ligand.mol2,,
177,/mnt/data/posebusters/posebusters_benchmark_set/7OPG_06N/7OPG_06N_protein.pdb,/mnt/data/posebusters/posebusters_benchmark_set/7OPG_06N/7OPG_06N_ligand.mol2,6.382917165756226,4.481240272521973
178,/mnt/data/posebusters/posebusters_benchmark_set/7V3S_5I9/7V3S_5I9_protein.pdb,/mnt/data/posebusters/posebusters_benchmark_set/7V3S_5I9/7V3S_5I9_ligand.mol2,7.061997652053833,6.01240348815918
179,/mnt/data/posebusters/posebusters_benchmark_set/7OCB_V88/7OCB_V88_protein.pdb,/mnt/data/posebusters/posebusters_benchmark_set/7OCB_V88/7OCB_V88_ligand.mol2,7.055881023406982,7.682944297790527
180,/mnt/data/posebusters/posebusters_benchmark_set/8AJX_FUM/8AJX_FUM_protein.pdb,/mnt/data/posebusters/posebusters_benchmark_set/8AJX_FUM/8AJX_FUM_ligand.mol2,1.4700788259506226,1.106788992881775
181,/mnt/data/posebusters/posebusters_benchmark_set/7PA4_C/7PA4_C_protein.pdb,/mnt/data/posebusters/posebusters_benchmark_set/7PA4_C/7PA4_C_ligand.mol2,,
182,/mnt/data/posebusters/posebusters_benchmark_set/7S45_ACO/7S45_ACO_protein.pdb,/mnt/data/posebusters/posebusters_benchmark_set/7S45_ACO/7S45_ACO_ligand.mol2,,
183,/mnt/data/posebusters/posebusters_benchmark_set/7E4L_MDN/7E4L_MDN_protein.pdb,/mnt/data/posebusters/posebusters_benchmark_set/7E4L_MDN/7E4L_MDN_ligand.mol2,3.0629217624664307,1.8985190391540527
184,/mnt/data/posebusters/posebusters_benchmark_set/7BMI_U4B/7BMI_U4B_protein.pdb,/mnt/data/posebusters/posebusters_benchmark_set/7BMI_U4B/7BMI_U4B_ligand.mol2,4.597854018211365,1.6283907890319824
185,/mnt/data/posebusters/posebusters_benchmark_set/7R9N_F97/7R9N_F97_protein.pdb,/mnt/data/posebusters/posebusters_benchmark_set/7R9N_F97/7R9N_F97_ligand.mol2,,
186,/mnt/data/posebusters/posebusters_benchmark_set/8BOM_QU6/8BOM_QU6_protein.pdb,/mnt/data/posebusters/posebusters_benchmark_set/8BOM_QU6/8BOM_QU6_ligand.mol2,,
187,/mnt/data/posebusters/posebusters_benchmark_set/7REE_4LY/7REE_4LY_protein.pdb,/mnt/data/posebusters/posebusters_benchmark_set/7REE_4LY/7REE_4LY_ligand.mol2,,
188,/mnt/data/posebusters/posebusters_benchmark_set/8FV9_80J/8FV9_80J_protein.pdb,/mnt/data/posebusters/posebusters_benchmark_set/8FV9_80J/8FV9_80J_ligand.mol2,,
189,/mnt/data/posebusters/posebusters_benchmark_set/6X8D_ARA/6X8D_ARA_protein.pdb,/mnt/data/posebusters/posebusters_benchmark_set/6X8D_ARA/6X8D_ARA_ligand.mol2,4.052201509475708,2.736517906188965
190,/mnt/data/posebusters/posebusters_benchmark_set/7KLX_WOV/7KLX_WOV_protein.pdb,/mnt/data/posebusters/posebusters_benchmark_set/7KLX_WOV/7KLX_WOV_ligand.mol2,,
191,/mnt/data/posebusters/posebusters_benchmark_set/7P5T_5YG/7P5T_5YG_protein.pdb,/mnt/data/posebusters/posebusters_benchmark_set/7P5T_5YG/7P5T_5YG_ligand.mol2,,
192,/mnt/data/posebusters/posebusters_benchmark_set/7QK0_EBL/7QK0_EBL_protein.pdb,/mnt/data/posebusters/posebusters_benchmark_set/7QK0_EBL/7QK0_EBL_ligand.mol2,,
193,/mnt/data/posebusters/posebusters_benchmark_set/7CUO_PHB/7CUO_PHB_protein.pdb,/mnt/data/posebusters/posebusters_benchmark_set/7CUO_PHB/7CUO_PHB_ligand.mol2,4.763431549072266,3.4571614265441895
194,/mnt/data/posebusters/posebusters_benchmark_set/8GFD_ZHR/8GFD_ZHR_protein.pdb,/mnt/data/posebusters/posebusters_benchmark_set/8GFD_ZHR/8GFD_ZHR_ligand.mol2,4.580766558647156,7.381773948669434
195,/mnt/data/posebusters/posebusters_benchmark_set/7A9H_TPP/7A9H_TPP_protein.pdb,/mnt/data/posebusters/posebusters_benchmark_set/7A9H_TPP/7A9H_TPP_ligand.mol2,,
196,/mnt/data/posebusters/posebusters_benchmark_set/6YR2_T1C/6YR2_T1C_protein.pdb,/mnt/data/posebusters/posebusters_benchmark_set/6YR2_T1C/6YR2_T1C_ligand.mol2,5.7277911901474,3.890929698944092
197,/mnt/data/posebusters/posebusters_benchmark_set/7MS7_ZQ1/7MS7_ZQ1_protein.pdb,/mnt/data/posebusters/posebusters_benchmark_set/7MS7_ZQ1/7MS7_ZQ1_ligand.mol2,4.816269874572754,8.338383674621582
198,/mnt/data/posebusters/posebusters_benchmark_set/8C5D_GTB/8C5D_GTB_protein.pdb,/mnt/data/posebusters/posebusters_benchmark_set/8C5D_GTB/8C5D_GTB_ligand.mol2,,
199,/mnt/data/posebusters/posebusters_benchmark_set/7N6F_0I1/7N6F_0I1_protein.pdb,/mnt/data/posebusters/posebusters_benchmark_set/7N6F_0I1/7N6F_0I1_ligand.mol2,7.56883978843689,6.71592378616333
200,/mnt/data/posebusters/posebusters_benchmark_set/8AUH_L9I/8AUH_L9I_protein.pdb,/mnt/data/posebusters/posebusters_benchmark_set/8AUH_L9I/8AUH_L9I_ligand.mol2,5.001243948936462,1.417111873626709
201,/mnt/data/posebusters/posebusters_benchmark_set/7JMV_4NC/7JMV_4NC_protein.pdb,/mnt/data/posebusters/posebusters_benchmark_set/7JMV_4NC/7JMV_4NC_ligand.mol2,,
202,/mnt/data/posebusters/posebusters_benchmark_set/7MFP_Z7P/7MFP_Z7P_protein.pdb,/mnt/data/posebusters/posebusters_benchmark_set/7MFP_Z7P/7MFP_Z7P_ligand.mol2,,
203,/mnt/data/posebusters/posebusters_benchmark_set/7Z2O_IAJ/7Z2O_IAJ_protein.pdb,/mnt/data/posebusters/posebusters_benchmark_set/7Z2O_IAJ/7Z2O_IAJ_ligand.mol2,5.14822781085968,3.0454261302948
204,/mnt/data/posebusters/posebusters_benchmark_set/7JY3_VUD/7JY3_VUD_protein.pdb,/mnt/data/posebusters/posebusters_benchmark_set/7JY3_VUD/7JY3_VUD_ligand.mol2,,
205,/mnt/data/posebusters/posebusters_benchmark_set/6XUM_30L/6XUM_30L_protein.pdb,/mnt/data/posebusters/posebusters_benchmark_set/6XUM_30L/6XUM_30L_ligand.mol2,,
206,/mnt/data/posebusters/posebusters_benchmark_set/7QHG_T3B/7QHG_T3B_protein.pdb,/mnt/data/posebusters/posebusters_benchmark_set/7QHG_T3B/7QHG_T3B_ligand.mol2,4.4609904289245605,9.776927947998047
207,/mnt/data/posebusters/posebusters_benchmark_set/7LZQ_YJV/7LZQ_YJV_protein.pdb,/mnt/data/posebusters/posebusters_benchmark_set/7LZQ_YJV/7LZQ_YJV_ligand.mol2,5.018671751022339,6.728116989135742
208,/mnt/data/posebusters/posebusters_benchmark_set/8AP0_PRP/8AP0_PRP_protein.pdb,/mnt/data/posebusters/posebusters_benchmark_set/8AP0_PRP/8AP0_PRP_ligand.mol2,5.893329977989197,4.864089012145996
209,/mnt/data/posebusters/posebusters_benchmark_set/7LEV_0JO/7LEV_0JO_protein.pdb,/mnt/data/posebusters/posebusters_benchmark_set/7LEV_0JO/7LEV_0JO_ligand.mol2,4.047476649284363,4.284773826599121
210,/mnt/data/posebusters/posebusters_benchmark_set/7SNE_9XR/7SNE_9XR_protein.pdb,/mnt/data/posebusters/posebusters_benchmark_set/7SNE_9XR/7SNE_9XR_ligand.mol2,,
211,/mnt/data/posebusters/posebusters_benchmark_set/8FO5_Y4U/8FO5_Y4U_protein.pdb,/mnt/data/posebusters/posebusters_benchmark_set/8FO5_Y4U/8FO5_Y4U_ligand.mol2,,
212,/mnt/data/posebusters/posebusters_benchmark_set/7VBU_6I4/7VBU_6I4_protein.pdb,/mnt/data/posebusters/posebusters_benchmark_set/7VBU_6I4/7VBU_6I4_ligand.mol2,,
213,/mnt/data/posebusters/posebusters_benchmark_set/7BLA_WCS/7BLA_WCS_protein.pdb,/mnt/data/posebusters/posebusters_benchmark_set/7BLA_WCS/7BLA_WCS_ligand.mol2,,
214,/mnt/data/posebusters/posebusters_benchmark_set/7D9L_GSF/7D9L_GSF_protein.pdb,/mnt/data/posebusters/posebusters_benchmark_set/7D9L_GSF/7D9L_GSF_ligand.mol2,5.485879182815552,5.533853054046631
215,/mnt/data/posebusters/posebusters_benchmark_set/7XJN_NSD/7XJN_NSD_protein.pdb,/mnt/data/posebusters/posebusters_benchmark_set/7XJN_NSD/7XJN_NSD_ligand.mol2,5.981369614601135,1.3473358154296875
216,/mnt/data/posebusters/posebusters_benchmark_set/8EAB_VN2/8EAB_VN2_protein.pdb,/mnt/data/posebusters/posebusters_benchmark_set/8EAB_VN2/8EAB_VN2_ligand.mol2,7.861284017562866,5.717309951782227
217,/mnt/data/posebusters/posebusters_benchmark_set/8AY3_OE3/8AY3_OE3_protein.pdb,/mnt/data/posebusters/posebusters_benchmark_set/8AY3_OE3/8AY3_OE3_ligand.mol2,,
218,/mnt/data/posebusters/posebusters_benchmark_set/7Q2B_M6H/7Q2B_M6H_protein.pdb,/mnt/data/posebusters/posebusters_benchmark_set/7Q2B_M6H/7Q2B_M6H_ligand.mol2,4.888331294059753,3.4256486892700195
219,/mnt/data/posebusters/posebusters_benchmark_set/7P2W_4QR/7P2W_4QR_protein.pdb,/mnt/data/posebusters/posebusters_benchmark_set/7P2W_4QR/7P2W_4QR_ligand.mol2,,
220,/mnt/data/posebusters/posebusters_benchmark_set/6XAF_GDP/6XAF_GDP_protein.pdb,/mnt/data/posebusters/posebusters_benchmark_set/6XAF_GDP/6XAF_GDP_ligand.mol2,5.12752890586853,2.3127281665802
221,/mnt/data/posebusters/posebusters_benchmark_set/7MYU_ZR7/7MYU_ZR7_protein.pdb,/mnt/data/posebusters/posebusters_benchmark_set/7MYU_ZR7/7MYU_ZR7_ligand.mol2,7.9877930879592896,8.455979347229004
222,/mnt/data/posebusters/posebusters_benchmark_set/7TXK_LW8/7TXK_LW8_protein.pdb,/mnt/data/posebusters/posebusters_benchmark_set/7TXK_LW8/7TXK_LW8_ligand.mol2,,
223,/mnt/data/posebusters/posebusters_benchmark_set/7BA0_T5H/7BA0_T5H_protein.pdb,/mnt/data/posebusters/posebusters_benchmark_set/7BA0_T5H/7BA0_T5H_ligand.mol2,6.037560701370239,3.1620872020721436
224,/mnt/data/posebusters/posebusters_benchmark_set/7MZS_GLA/7MZS_GLA_protein.pdb,/mnt/data/posebusters/posebusters_benchmark_set/7MZS_GLA/7MZS_GLA_ligand.mol2,3.6343318223953247,3.7170376777648926
225,/mnt/data/posebusters/posebusters_benchmark_set/7V3N_AKG/7V3N_AKG_protein.pdb,/mnt/data/posebusters/posebusters_benchmark_set/7V3N_AKG/7V3N_AKG_ligand.mol2,3.773750066757202,1.2501628398895264
226,/mnt/data/posebusters/posebusters_benchmark_set/6Z2C_Q5E/6Z2C_Q5E_protein.pdb,/mnt/data/posebusters/posebusters_benchmark_set/6Z2C_Q5E/6Z2C_Q5E_ligand.mol2,7.168057560920715,2.666231155395508
227,/mnt/data/posebusters/posebusters_benchmark_set/6Z14_Q4Z/6Z14_Q4Z_protein.pdb,/mnt/data/posebusters/posebusters_benchmark_set/6Z14_Q4Z/6Z14_Q4Z_ligand.mol2,5.85123598575592,5.237208843231201
228,/mnt/data/posebusters/posebusters_benchmark_set/7NFB_GEN/7NFB_GEN_protein.pdb,/mnt/data/posebusters/posebusters_benchmark_set/7NFB_GEN/7NFB_GEN_ligand.mol2,,
229,/mnt/data/posebusters/posebusters_benchmark_set/7LB3_XXS/7LB3_XXS_protein.pdb,/mnt/data/posebusters/posebusters_benchmark_set/7LB3_XXS/7LB3_XXS_ligand.mol2,,
230,/mnt/data/posebusters/posebusters_benchmark_set/7T0D_FPP/7T0D_FPP_protein.pdb,/mnt/data/posebusters/posebusters_benchmark_set/7T0D_FPP/7T0D_FPP_ligand.mol2,6.128396987915039,2.069154977798462
231,/mnt/data/posebusters/posebusters_benchmark_set/7KM8_WPD/7KM8_WPD_protein.pdb,/mnt/data/posebusters/posebusters_benchmark_set/7KM8_WPD/7KM8_WPD_ligand.mol2,6.249456405639648,3.3826708793640137
232,/mnt/data/posebusters/posebusters_benchmark_set/7OSO_0V1/7OSO_0V1_protein.pdb,/mnt/data/posebusters/posebusters_benchmark_set/7OSO_0V1/7OSO_0V1_ligand.mol2,4.306192994117737,2.7615199089050293
233,/mnt/data/posebusters/posebusters_benchmark_set/7PUV_84Z/7PUV_84Z_protein.pdb,/mnt/data/posebusters/posebusters_benchmark_set/7PUV_84Z/7PUV_84Z_ligand.mol2,6.857452988624573,5.819952964782715
234,/mnt/data/posebusters/posebusters_benchmark_set/7NF0_BYN/7NF0_BYN_protein.pdb,/mnt/data/posebusters/posebusters_benchmark_set/7NF0_BYN/7NF0_BYN_ligand.mol2,,
235,/mnt/data/posebusters/posebusters_benchmark_set/7KB1_WBJ/7KB1_WBJ_protein.pdb,/mnt/data/posebusters/posebusters_benchmark_set/7KB1_WBJ/7KB1_WBJ_ligand.mol2,3.5491305589675903,2.0245625972747803
236,/mnt/data/posebusters/posebusters_benchmark_set/7CD9_FVR/7CD9_FVR_protein.pdb,/mnt/data/posebusters/posebusters_benchmark_set/7CD9_FVR/7CD9_FVR_ligand.mol2,7.560787200927734,11.612873077392578
237,/mnt/data/posebusters/posebusters_benchmark_set/7C0U_FGO/7C0U_FGO_protein.pdb,/mnt/data/posebusters/posebusters_benchmark_set/7C0U_FGO/7C0U_FGO_ligand.mol2,,
238,/mnt/data/posebusters/posebusters_benchmark_set/7CTM_BDP/7CTM_BDP_protein.pdb,/mnt/data/posebusters/posebusters_benchmark_set/7CTM_BDP/7CTM_BDP_ligand.mol2,,
239,/mnt/data/posebusters/posebusters_benchmark_set/7XI7_4RI/7XI7_4RI_protein.pdb,/mnt/data/posebusters/posebusters_benchmark_set/7XI7_4RI/7XI7_4RI_ligand.mol2,6.812745928764343,3.440272331237793
240,/mnt/data/posebusters/posebusters_benchmark_set/7DKT_GLF/7DKT_GLF_protein.pdb,/mnt/data/posebusters/posebusters_benchmark_set/7DKT_GLF/7DKT_GLF_ligand.mol2,6.728609204292297,2.8293726444244385
241,/mnt/data/posebusters/posebusters_benchmark_set/7NML_I7B/7NML_I7B_protein.pdb,/mnt/data/posebusters/posebusters_benchmark_set/7NML_I7B/7NML_I7B_ligand.mol2,,
242,/mnt/data/posebusters/posebusters_benchmark_set/7MGT_ZD4/7MGT_ZD4_protein.pdb,/mnt/data/posebusters/posebusters_benchmark_set/7MGT_ZD4/7MGT_ZD4_ligand.mol2,,
243,/mnt/data/posebusters/posebusters_benchmark_set/7ZL5_IWE/7ZL5_IWE_protein.pdb,/mnt/data/posebusters/posebusters_benchmark_set/7ZL5_IWE/7ZL5_IWE_ligand.mol2,,
244,/mnt/data/posebusters/posebusters_benchmark_set/7UTW_NAI/7UTW_NAI_protein.pdb,/mnt/data/posebusters/posebusters_benchmark_set/7UTW_NAI/7UTW_NAI_ligand.mol2,,
245,/mnt/data/posebusters/posebusters_benchmark_set/7WCF_ACP/7WCF_ACP_protein.pdb,/mnt/data/posebusters/posebusters_benchmark_set/7WCF_ACP/7WCF_ACP_ligand.mol2,,
246,/mnt/data/posebusters/posebusters_benchmark_set/7FT9_4MB/7FT9_4MB_protein.pdb,/mnt/data/posebusters/posebusters_benchmark_set/7FT9_4MB/7FT9_4MB_ligand.mol2,,
247,/mnt/data/posebusters/posebusters_benchmark_set/7N7B_T3F/7N7B_T3F_protein.pdb,/mnt/data/posebusters/posebusters_benchmark_set/7N7B_T3F/7N7B_T3F_ligand.mol2,,
248,/mnt/data/posebusters/posebusters_benchmark_set/7Q25_8J9/7Q25_8J9_protein.pdb,/mnt/data/posebusters/posebusters_benchmark_set/7Q25_8J9/7Q25_8J9_ligand.mol2,4.093925952911377,7.70113468170166
249,/mnt/data/posebusters/posebusters_benchmark_set/7SUC_COM/7SUC_COM_protein.pdb,/mnt/data/posebusters/posebusters_benchmark_set/7SUC_COM/7SUC_COM_ligand.mol2,,
250,/mnt/data/posebusters/posebusters_benchmark_set/7OZC_G6S/7OZC_G6S_protein.pdb,/mnt/data/posebusters/posebusters_benchmark_set/7OZC_G6S/7OZC_G6S_ligand.mol2,3.4155070781707764,1.8935329914093018
251,/mnt/data/posebusters/posebusters_benchmark_set/7JXX_VP7/7JXX_VP7_protein.pdb,/mnt/data/posebusters/posebusters_benchmark_set/7JXX_VP7/7JXX_VP7_ligand.mol2,,
252,/mnt/data/posebusters/posebusters_benchmark_set/7P4C_5OV/7P4C_5OV_protein.pdb,/mnt/data/posebusters/posebusters_benchmark_set/7P4C_5OV/7P4C_5OV_ligand.mol2,3.8561594486236572,4.050727367401123
253,/mnt/data/posebusters/posebusters_benchmark_set/7F51_BA7/7F51_BA7_protein.pdb,/mnt/data/posebusters/posebusters_benchmark_set/7F51_BA7/7F51_BA7_ligand.mol2,,
254,/mnt/data/posebusters/posebusters_benchmark_set/7WJB_BGC/7WJB_BGC_protein.pdb,/mnt/data/posebusters/posebusters_benchmark_set/7WJB_BGC/7WJB_BGC_ligand.mol2,2.435947060585022,2.2730255126953125
255,/mnt/data/posebusters/posebusters_benchmark_set/8BRO_R7E/8BRO_R7E_protein.pdb,/mnt/data/posebusters/posebusters_benchmark_set/8BRO_R7E/8BRO_R7E_ligand.mol2,4.841431379318237,7.2039899826049805
256,/mnt/data/posebusters/posebusters_benchmark_set/7MOI_HPS/7MOI_HPS_protein.pdb,/mnt/data/posebusters/posebusters_benchmark_set/7MOI_HPS/7MOI_HPS_ligand.mol2,2.933496832847595,2.5196142196655273
257,/mnt/data/posebusters/posebusters_benchmark_set/7TSF_H4B/7TSF_H4B_protein.pdb,/mnt/data/posebusters/posebusters_benchmark_set/7TSF_H4B/7TSF_H4B_ligand.mol2,,
258,/mnt/data/posebusters/posebusters_benchmark_set/7ULC_56B/7ULC_56B_protein.pdb,/mnt/data/posebusters/posebusters_benchmark_set/7ULC_56B/7ULC_56B_ligand.mol2,4.8930823802948,4.640888690948486
259,/mnt/data/posebusters/posebusters_benchmark_set/6W59_SZD/6W59_SZD_protein.pdb,/mnt/data/posebusters/posebusters_benchmark_set/6W59_SZD/6W59_SZD_ligand.mol2,6.518304347991943,3.120542526245117
260,/mnt/data/posebusters/posebusters_benchmark_set/8FLV_ZB9/8FLV_ZB9_protein.pdb,/mnt/data/posebusters/posebusters_benchmark_set/8FLV_ZB9/8FLV_ZB9_ligand.mol2,,
261,/mnt/data/posebusters/posebusters_benchmark_set/6Z5Z_BDF/6Z5Z_BDF_protein.pdb,/mnt/data/posebusters/posebusters_benchmark_set/6Z5Z_BDF/6Z5Z_BDF_ligand.mol2,,
262,/mnt/data/posebusters/posebusters_benchmark_set/7D0P_1VU/7D0P_1VU_protein.pdb,/mnt/data/posebusters/posebusters_benchmark_set/7D0P_1VU/7D0P_1VU_ligand.mol2,,
263,/mnt/data/posebusters/posebusters_benchmark_set/7UF2_5SP/7UF2_5SP_protein.pdb,/mnt/data/posebusters/posebusters_benchmark_set/7UF2_5SP/7UF2_5SP_ligand.mol2,4.917474985122681,2.39327335357666
264,/mnt/data/posebusters/posebusters_benchmark_set/7JG0_GAR/7JG0_GAR_protein.pdb,/mnt/data/posebusters/posebusters_benchmark_set/7JG0_GAR/7JG0_GAR_ligand.mol2,,
265,/mnt/data/posebusters/posebusters_benchmark_set/7C8Q_DSG/7C8Q_DSG_protein.pdb,/mnt/data/posebusters/posebusters_benchmark_set/7C8Q_DSG/7C8Q_DSG_ligand.mol2,6.629883050918579,3.5751469135284424
266,/mnt/data/posebusters/posebusters_benchmark_set/7UQ3_O2U/7UQ3_O2U_protein.pdb,/mnt/data/posebusters/posebusters_benchmark_set/7UQ3_O2U/7UQ3_O2U_ligand.mol2,5.491192936897278,1.5075305700302124
267,/mnt/data/posebusters/posebusters_benchmark_set/7NR6_UO8/7NR6_UO8_protein.pdb,/mnt/data/posebusters/posebusters_benchmark_set/7NR6_UO8/7NR6_UO8_ligand.mol2,3.417101502418518,2.449035882949829
268,/mnt/data/posebusters/posebusters_benchmark_set/7VKZ_NOJ/7VKZ_NOJ_protein.pdb,/mnt/data/posebusters/posebusters_benchmark_set/7VKZ_NOJ/7VKZ_NOJ_ligand.mol2,4.959271550178528,2.6103591918945312
269,/mnt/data/posebusters/posebusters_benchmark_set/7PT3_3KK/7PT3_3KK_protein.pdb,/mnt/data/posebusters/posebusters_benchmark_set/7PT3_3KK/7PT3_3KK_ligand.mol2,,
270,/mnt/data/posebusters/posebusters_benchmark_set/7TS6_KMI/7TS6_KMI_protein.pdb,/mnt/data/posebusters/posebusters_benchmark_set/7TS6_KMI/7TS6_KMI_ligand.mol2,6.89696192741394,4.05439567565918
271,/mnt/data/posebusters/posebusters_benchmark_set/8EYE_X4I/8EYE_X4I_protein.pdb,/mnt/data/posebusters/posebusters_benchmark_set/8EYE_X4I/8EYE_X4I_ligand.mol2,5.44605553150177,1.6584510803222656
272,/mnt/data/posebusters/posebusters_benchmark_set/7FHA_ADX/7FHA_ADX_protein.pdb,/mnt/data/posebusters/posebusters_benchmark_set/7FHA_ADX/7FHA_ADX_ligand.mol2,,
273,/mnt/data/posebusters/posebusters_benchmark_set/7K0V_VQP/7K0V_VQP_protein.pdb,/mnt/data/posebusters/posebusters_benchmark_set/7K0V_VQP/7K0V_VQP_ligand.mol2,,
274,/mnt/data/posebusters/posebusters_benchmark_set/6YDY_K73/6YDY_K73_protein.pdb,/mnt/data/posebusters/posebusters_benchmark_set/6YDY_K73/6YDY_K73_ligand.mol2,4.271113872528076,5.21565580368042
275,/mnt/data/posebusters/posebusters_benchmark_set/8BPL_CP/8BPL_CP_protein.pdb,/mnt/data/posebusters/posebusters_benchmark_set/8BPL_CP/8BPL_CP_ligand.mol2,3.852420449256897,2.3216445446014404
276,/mnt/data/posebusters/posebusters_benchmark_set/8ERS_WQO/8ERS_WQO_protein.pdb,/mnt/data/posebusters/posebusters_benchmark_set/8ERS_WQO/8ERS_WQO_ligand.mol2,5.083121657371521,5.122354030609131
277,/mnt/data/posebusters/posebusters_benchmark_set/7XG5_PLP/7XG5_PLP_protein.pdb,/mnt/data/posebusters/posebusters_benchmark_set/7XG5_PLP/7XG5_PLP_ligand.mol2,4.8214757442474365,2.636230707168579
278,/mnt/data/posebusters/posebusters_benchmark_set/7ORW_7WA/7ORW_7WA_protein.pdb,/mnt/data/posebusters/posebusters_benchmark_set/7ORW_7WA/7ORW_7WA_ligand.mol2,,
279,/mnt/data/posebusters/posebusters_benchmark_set/6Z1C_7EY/6Z1C_7EY_protein.pdb,/mnt/data/posebusters/posebusters_benchmark_set/6Z1C_7EY/6Z1C_7EY_ligand.mol2,6.857553720474243,2.845021963119507
280,/mnt/data/posebusters/posebusters_benchmark_set/6Z0R_Q4H/6Z0R_Q4H_protein.pdb,/mnt/data/posebusters/posebusters_benchmark_set/6Z0R_Q4H/6Z0R_Q4H_ligand.mol2,3.19044291973114,3.0747058391571045
281,/mnt/data/posebusters/posebusters_benchmark_set/7RUI_7QZ/7RUI_7QZ_protein.pdb,/mnt/data/posebusters/posebusters_benchmark_set/7RUI_7QZ/7RUI_7QZ_ligand.mol2,,
282,/mnt/data/posebusters/posebusters_benchmark_set/7NXO_UU8/7NXO_UU8_protein.pdb,/mnt/data/posebusters/posebusters_benchmark_set/7NXO_UU8/7NXO_UU8_ligand.mol2,,
283,/mnt/data/posebusters/posebusters_benchmark_set/7F5D_EUO/7F5D_EUO_protein.pdb,/mnt/data/posebusters/posebusters_benchmark_set/7F5D_EUO/7F5D_EUO_ligand.mol2,,
284,/mnt/data/posebusters/posebusters_benchmark_set/7VQ9_ISY/7VQ9_ISY_protein.pdb,/mnt/data/posebusters/posebusters_benchmark_set/7VQ9_ISY/7VQ9_ISY_ligand.mol2,5.091513395309448,1.5716533660888672
285,/mnt/data/posebusters/posebusters_benchmark_set/8A1H_DLZ/8A1H_DLZ_protein.pdb,/mnt/data/posebusters/posebusters_benchmark_set/8A1H_DLZ/8A1H_DLZ_ligand.mol2,,
286,/mnt/data/posebusters/posebusters_benchmark_set/7OFF_VCB/7OFF_VCB_protein.pdb,/mnt/data/posebusters/posebusters_benchmark_set/7OFF_VCB/7OFF_VCB_ligand.mol2,5.1338160037994385,3.9599571228027344
287,/mnt/data/posebusters/posebusters_benchmark_set/7S9H_7PP/7S9H_7PP_protein.pdb,/mnt/data/posebusters/posebusters_benchmark_set/7S9H_7PP/7S9H_7PP_ligand.mol2,,
288,/mnt/data/posebusters/posebusters_benchmark_set/7AFX_R9K/7AFX_R9K_protein.pdb,/mnt/data/posebusters/posebusters_benchmark_set/7AFX_R9K/7AFX_R9K_ligand.mol2,,
289,/mnt/data/posebusters/posebusters_benchmark_set/7VC5_9SF/7VC5_9SF_protein.pdb,/mnt/data/posebusters/posebusters_benchmark_set/7VC5_9SF/7VC5_9SF_ligand.mol2,,
290,/mnt/data/posebusters/posebusters_benchmark_set/7LMO_NYO/7LMO_NYO_protein.pdb,/mnt/data/posebusters/posebusters_benchmark_set/7LMO_NYO/7LMO_NYO_ligand.mol2,,
291,/mnt/data/posebusters/posebusters_benchmark_set/7MEU_MGP/7MEU_MGP_protein.pdb,/mnt/data/posebusters/posebusters_benchmark_set/7MEU_MGP/7MEU_MGP_ligand.mol2,,
292,/mnt/data/posebusters/posebusters_benchmark_set/7R3D_APR/7R3D_APR_protein.pdb,/mnt/data/posebusters/posebusters_benchmark_set/7R3D_APR/7R3D_APR_ligand.mol2,,
293,/mnt/data/posebusters/posebusters_benchmark_set/7UYB_OK0/7UYB_OK0_protein.pdb,/mnt/data/posebusters/posebusters_benchmark_set/7UYB_OK0/7UYB_OK0_ligand.mol2,,
294,/mnt/data/posebusters/posebusters_benchmark_set/7M6K_YRJ/7M6K_YRJ_protein.pdb,/mnt/data/posebusters/posebusters_benchmark_set/7M6K_YRJ/7M6K_YRJ_ligand.mol2,,
295,/mnt/data/posebusters/posebusters_benchmark_set/6YJA_2BA/6YJA_2BA_protein.pdb,/mnt/data/posebusters/posebusters_benchmark_set/6YJA_2BA/6YJA_2BA_ligand.mol2,,
296,/mnt/data/posebusters/posebusters_benchmark_set/7VB8_STL/7VB8_STL_protein.pdb,/mnt/data/posebusters/posebusters_benchmark_set/7VB8_STL/7VB8_STL_ligand.mol2,6.055933237075806,5.324554920196533
297,/mnt/data/posebusters/posebusters_benchmark_set/7OLT_58J/7OLT_58J_protein.pdb,/mnt/data/posebusters/posebusters_benchmark_set/7OLT_58J/7OLT_58J_ligand.mol2,6.337366700172424,4.0556960105896
298,/mnt/data/posebusters/posebusters_benchmark_set/7PRI_7TI/7PRI_7TI_protein.pdb,/mnt/data/posebusters/posebusters_benchmark_set/7PRI_7TI/7PRI_7TI_ligand.mol2,8.022159337997437,3.3464434146881104
299,/mnt/data/posebusters/posebusters_benchmark_set/7D5C_GV6/7D5C_GV6_protein.pdb,/mnt/data/posebusters/posebusters_benchmark_set/7D5C_GV6/7D5C_GV6_ligand.mol2,,
300,/mnt/data/posebusters/posebusters_benchmark_set/7ODY_DGI/7ODY_DGI_protein.pdb,/mnt/data/posebusters/posebusters_benchmark_set/7ODY_DGI/7ODY_DGI_ligand.mol2,4.660813808441162,7.64385461807251
301,/mnt/data/posebusters/posebusters_benchmark_set/7ZZW_KKW/7ZZW_KKW_protein.pdb,/mnt/data/posebusters/posebusters_benchmark_set/7ZZW_KKW/7ZZW_KKW_ligand.mol2,7.654407620429993,5.4492082595825195
302,/mnt/data/posebusters/posebusters_benchmark_set/7C3U_AZG/7C3U_AZG_protein.pdb,/mnt/data/posebusters/posebusters_benchmark_set/7C3U_AZG/7C3U_AZG_ligand.mol2,,
303,/mnt/data/posebusters/posebusters_benchmark_set/7UP3_NZ0/7UP3_NZ0_protein.pdb,/mnt/data/posebusters/posebusters_benchmark_set/7UP3_NZ0/7UP3_NZ0_ligand.mol2,,
304,/mnt/data/posebusters/posebusters_benchmark_set/7R7R_AWJ/7R7R_AWJ_protein.pdb,/mnt/data/posebusters/posebusters_benchmark_set/7R7R_AWJ/7R7R_AWJ_ligand.mol2,8.05016815662384,3.983613967895508
305,/mnt/data/posebusters/posebusters_benchmark_set/7NLK_UHK/7NLK_UHK_protein.pdb,/mnt/data/posebusters/posebusters_benchmark_set/7NLK_UHK/7NLK_UHK_ligand.mol2,5.949711203575134,4.896937370300293
306,/mnt/data/posebusters/posebusters_benchmark_set/7DUA_HJ0/7DUA_HJ0_protein.pdb,/mnt/data/posebusters/posebusters_benchmark_set/7DUA_HJ0/7DUA_HJ0_ligand.mol2,,
307,/mnt/data/posebusters/posebusters_benchmark_set/8AAU_LH0/8AAU_LH0_protein.pdb,/mnt/data/posebusters/posebusters_benchmark_set/8AAU_LH0/8AAU_LH0_ligand.mol2,,
308,/mnt/data/posebusters/posebusters_benchmark_set/7C6P_SQH/7C6P_SQH_protein.pdb,/mnt/data/posebusters/posebusters_benchmark_set/7C6P_SQH/7C6P_SQH_ligand.mol2,,
309,/mnt/data/posebusters/posebusters_benchmark_set/7N7H_CTP/7N7H_CTP_protein.pdb,/mnt/data/posebusters/posebusters_benchmark_set/7N7H_CTP/7N7H_CTP_ligand.mol2,,
310,/mnt/data/posebusters/posebusters_benchmark_set/7L7C_XQ1/7L7C_XQ1_protein.pdb,/mnt/data/posebusters/posebusters_benchmark_set/7L7C_XQ1/7L7C_XQ1_ligand.mol2,5.120472311973572,2.23771595954895
311,/mnt/data/posebusters/posebusters_benchmark_set/7LOE_Y84/7LOE_Y84_protein.pdb,/mnt/data/posebusters/posebusters_benchmark_set/7LOE_Y84/7LOE_Y84_ligand.mol2,4.05115008354187,3.7985544204711914
312,/mnt/data/posebusters/posebusters_benchmark_set/8AEU_M0L/8AEU_M0L_protein.pdb,/mnt/data/posebusters/posebusters_benchmark_set/8AEU_M0L/8AEU_M0L_ligand.mol2,6.686530113220215,7.065795421600342
313,/mnt/data/posebusters/posebusters_benchmark_set/7T1D_E7K/7T1D_E7K_protein.pdb,/mnt/data/posebusters/posebusters_benchmark_set/7T1D_E7K/7T1D_E7K_ligand.mol2,,
314,/mnt/data/posebusters/posebusters_benchmark_set/8DSC_NCA/8DSC_NCA_protein.pdb,/mnt/data/posebusters/posebusters_benchmark_set/8DSC_NCA/8DSC_NCA_ligand.mol2,5.295147895812988,2.158048629760742
315,/mnt/data/posebusters/posebusters_benchmark_set/7VWF_K55/7VWF_K55_protein.pdb,/mnt/data/posebusters/posebusters_benchmark_set/7VWF_K55/7VWF_K55_ligand.mol2,6.4516013860702515,2.1712088584899902
316,/mnt/data/posebusters/posebusters_benchmark_set/7XPO_UPG/7XPO_UPG_protein.pdb,/mnt/data/posebusters/posebusters_benchmark_set/7XPO_UPG/7XPO_UPG_ligand.mol2,,
317,/mnt/data/posebusters/posebusters_benchmark_set/6T88_MWQ/6T88_MWQ_protein.pdb,/mnt/data/posebusters/posebusters_benchmark_set/6T88_MWQ/6T88_MWQ_ligand.mol2,,
318,/mnt/data/posebusters/posebusters_benchmark_set/7BTT_F8R/7BTT_F8R_protein.pdb,/mnt/data/posebusters/posebusters_benchmark_set/7BTT_F8R/7BTT_F8R_ligand.mol2,,
319,/mnt/data/posebusters/posebusters_benchmark_set/8CSD_C5P/8CSD_C5P_protein.pdb,/mnt/data/posebusters/posebusters_benchmark_set/8CSD_C5P/8CSD_C5P_ligand.mol2,,
320,/mnt/data/posebusters/posebusters_benchmark_set/7MWN_WI5/7MWN_WI5_protein.pdb,/mnt/data/posebusters/posebusters_benchmark_set/7MWN_WI5/7MWN_WI5_ligand.mol2,,
321,/mnt/data/posebusters/posebusters_benchmark_set/7XQZ_FPF/7XQZ_FPF_protein.pdb,/mnt/data/posebusters/posebusters_benchmark_set/7XQZ_FPF/7XQZ_FPF_ligand.mol2,5.974864363670349,2.4324991703033447
322,/mnt/data/posebusters/posebusters_benchmark_set/7SFO_98L/7SFO_98L_protein.pdb,/mnt/data/posebusters/posebusters_benchmark_set/7SFO_98L/7SFO_98L_ligand.mol2,7.094820141792297,4.565820217132568
323,/mnt/data/posebusters/posebusters_benchmark_set/6XCT_478/6XCT_478_protein.pdb,/mnt/data/posebusters/posebusters_benchmark_set/6XCT_478/6XCT_478_ligand.mol2,,
324,/mnt/data/posebusters/posebusters_benchmark_set/7RZL_NPO/7RZL_NPO_protein.pdb,/mnt/data/posebusters/posebusters_benchmark_set/7RZL_NPO/7RZL_NPO_ligand.mol2,,
325,/mnt/data/posebusters/posebusters_benchmark_set/7OMX_CNA/7OMX_CNA_protein.pdb,/mnt/data/posebusters/posebusters_benchmark_set/7OMX_CNA/7OMX_CNA_ligand.mol2,,
326,/mnt/data/posebusters/posebusters_benchmark_set/7Q5I_I0F/7Q5I_I0F_protein.pdb,/mnt/data/posebusters/posebusters_benchmark_set/7Q5I_I0F/7Q5I_I0F_ligand.mol2,,
327,/mnt/data/posebusters/posebusters_benchmark_set/7UAS_MBU/7UAS_MBU_protein.pdb,/mnt/data/posebusters/posebusters_benchmark_set/7UAS_MBU/7UAS_MBU_ligand.mol2,,
328,/mnt/data/posebusters/posebusters_benchmark_set/7ED2_A3P/7ED2_A3P_protein.pdb,/mnt/data/posebusters/posebusters_benchmark_set/7ED2_A3P/7ED2_A3P_ligand.mol2,,
329,/mnt/data/posebusters/posebusters_benchmark_set/7D8Q_GZF/7D8Q_GZF_protein.pdb,/mnt/data/posebusters/posebusters_benchmark_set/7D8Q_GZF/7D8Q_GZF_ligand.mol2,,
330,/mnt/data/posebusters/posebusters_benchmark_set/7WN5_JGL/7WN5_JGL_protein.pdb,/mnt/data/posebusters/posebusters_benchmark_set/7WN5_JGL/7WN5_JGL_ligand.mol2,,
331,/mnt/data/posebusters/posebusters_benchmark_set/8DHG_T78/8DHG_T78_protein.pdb,/mnt/data/posebusters/posebusters_benchmark_set/8DHG_T78/8DHG_T78_ligand.mol2,7.309224605560303,4.476733207702637
332,/mnt/data/posebusters/posebusters_benchmark_set/7M31_TDR/7M31_TDR_protein.pdb,/mnt/data/posebusters/posebusters_benchmark_set/7M31_TDR/7M31_TDR_ligand.mol2,,
333,/mnt/data/posebusters/posebusters_benchmark_set/7MSR_DCA/7MSR_DCA_protein.pdb,/mnt/data/posebusters/posebusters_benchmark_set/7MSR_DCA/7MSR_DCA_ligand.mol2,,
334,/mnt/data/posebusters/posebusters_benchmark_set/7KZ9_XN7/7KZ9_XN7_protein.pdb,/mnt/data/posebusters/posebusters_benchmark_set/7KZ9_XN7/7KZ9_XN7_ligand.mol2,4.470311999320984,5.141185760498047
335,/mnt/data/posebusters/posebusters_benchmark_set/7A1P_QW2/7A1P_QW2_protein.pdb,/mnt/data/posebusters/posebusters_benchmark_set/7A1P_QW2/7A1P_QW2_ligand.mol2,4.169887900352478,2.605231285095215
336,/mnt/data/posebusters/posebusters_benchmark_set/8C5M_MTA/8C5M_MTA_protein.pdb,/mnt/data/posebusters/posebusters_benchmark_set/8C5M_MTA/8C5M_MTA_ligand.mol2,,
337,/mnt/data/posebusters/posebusters_benchmark_set/7BJ6_TVK/7BJ6_TVK_protein.pdb,/mnt/data/posebusters/posebusters_benchmark_set/7BJ6_TVK/7BJ6_TVK_ligand.mol2,6.521742939949036,6.363560676574707
338,/mnt/data/posebusters/posebusters_benchmark_set/5SAK_ZRY/5SAK_ZRY_protein.pdb,/mnt/data/posebusters/posebusters_benchmark_set/5SAK_ZRY/5SAK_ZRY_ligand.mol2,4.255245327949524,2.356811761856079
339,/mnt/data/posebusters/posebusters_benchmark_set/6Z4N_Q7B/6Z4N_Q7B_protein.pdb,/mnt/data/posebusters/posebusters_benchmark_set/6Z4N_Q7B/6Z4N_Q7B_ligand.mol2,4.725292325019836,3.322211742401123
340,/mnt/data/posebusters/posebusters_benchmark_set/7Z1Q_NIO/7Z1Q_NIO_protein.pdb,/mnt/data/posebusters/posebusters_benchmark_set/7Z1Q_NIO/7Z1Q_NIO_ligand.mol2,4.438828825950623,1.7806124687194824
341,/mnt/data/posebusters/posebusters_benchmark_set/7QSW_CAP/7QSW_CAP_protein.pdb,/mnt/data/posebusters/posebusters_benchmark_set/7QSW_CAP/7QSW_CAP_ligand.mol2,,
342,/mnt/data/posebusters/posebusters_benchmark_set/8CGC_LMR/8CGC_LMR_protein.pdb,/mnt/data/posebusters/posebusters_benchmark_set/8CGC_LMR/8CGC_LMR_ligand.mol2,3.436405658721924,5.131616592407227
343,/mnt/data/posebusters/posebusters_benchmark_set/8FLN_Y7W/8FLN_Y7W_protein.pdb,/mnt/data/posebusters/posebusters_benchmark_set/8FLN_Y7W/8FLN_Y7W_ligand.mol2,,
344,/mnt/data/posebusters/posebusters_benchmark_set/7SDD_4IP/7SDD_4IP_protein.pdb,/mnt/data/posebusters/posebusters_benchmark_set/7SDD_4IP/7SDD_4IP_ligand.mol2,5.872946381568909,4.446269989013672
345,/mnt/data/posebusters/posebusters_benchmark_set/8DP2_UMA/8DP2_UMA_protein.pdb,/mnt/data/posebusters/posebusters_benchmark_set/8DP2_UMA/8DP2_UMA_ligand.mol2,,
346,/mnt/data/posebusters/posebusters_benchmark_set/7TM6_GPJ/7TM6_GPJ_protein.pdb,/mnt/data/posebusters/posebusters_benchmark_set/7TM6_GPJ/7TM6_GPJ_ligand.mol2,,
347,/mnt/data/posebusters/posebusters_benchmark_set/8D5D_5DK/8D5D_5DK_protein.pdb,/mnt/data/posebusters/posebusters_benchmark_set/8D5D_5DK/8D5D_5DK_ligand.mol2,,
348,/mnt/data/posebusters/posebusters_benchmark_set/7XEK_9YX/7XEK_9YX_protein.pdb,/mnt/data/posebusters/posebusters_benchmark_set/7XEK_9YX/7XEK_9YX_ligand.mol2,4.437585473060608,1.8796145915985107
349,/mnt/data/posebusters/posebusters_benchmark_set/6ZT2_QPK/6ZT2_QPK_protein.pdb,/mnt/data/posebusters/posebusters_benchmark_set/6ZT2_QPK/6ZT2_QPK_ligand.mol2,5.880078077316284,1.6927162408828735
350,/mnt/data/posebusters/posebusters_benchmark_set/7VJT_7IJ/7VJT_7IJ_protein.pdb,/mnt/data/posebusters/posebusters_benchmark_set/7VJT_7IJ/7VJT_7IJ_ligand.mol2,,
351,/mnt/data/posebusters/posebusters_benchmark_set/7FRX_O88/7FRX_O88_protein.pdb,/mnt/data/posebusters/posebusters_benchmark_set/7FRX_O88/7FRX_O88_ligand.mol2,5.39270281791687,1.380374550819397
352,/mnt/data/posebusters/posebusters_benchmark_set/7UAW_MF6/7UAW_MF6_protein.pdb,/mnt/data/posebusters/posebusters_benchmark_set/7UAW_MF6/7UAW_MF6_ligand.mol2,,
353,/mnt/data/posebusters/posebusters_benchmark_set/7WUX_6OI/7WUX_6OI_protein.pdb,/mnt/data/posebusters/posebusters_benchmark_set/7WUX_6OI/7WUX_6OI_ligand.mol2,7.214481830596924,6.267390251159668
354,/mnt/data/posebusters/posebusters_benchmark_set/7Z7F_IF3/7Z7F_IF3_protein.pdb,/mnt/data/posebusters/posebusters_benchmark_set/7Z7F_IF3/7Z7F_IF3_ligand.mol2,,
355,/mnt/data/posebusters/posebusters_benchmark_set/7V14_ORU/7V14_ORU_protein.pdb,/mnt/data/posebusters/posebusters_benchmark_set/7V14_ORU/7V14_ORU_ligand.mol2,,
356,/mnt/data/posebusters/posebusters_benchmark_set/7POM_7VZ/7POM_7VZ_protein.pdb,/mnt/data/posebusters/posebusters_benchmark_set/7POM_7VZ/7POM_7VZ_ligand.mol2,6.671893000602722,1.7594857215881348
357,/mnt/data/posebusters/posebusters_benchmark_set/7SED_8VD/7SED_8VD_protein.pdb,/mnt/data/posebusters/posebusters_benchmark_set/7SED_8VD/7SED_8VD_ligand.mol2,5.776109099388123,2.6947104930877686
358,/mnt/data/posebusters/posebusters_benchmark_set/7OP9_06K/7OP9_06K_protein.pdb,/mnt/data/posebusters/posebusters_benchmark_set/7OP9_06K/7OP9_06K_ligand.mol2,,
359,/mnt/data/posebusters/posebusters_benchmark_set/7RSV_7IQ/7RSV_7IQ_protein.pdb,/mnt/data/posebusters/posebusters_benchmark_set/7RSV_7IQ/7RSV_7IQ_ligand.mol2,,
360,/mnt/data/posebusters/posebusters_benchmark_set/7TOM_5AD/7TOM_5AD_protein.pdb,/mnt/data/posebusters/posebusters_benchmark_set/7TOM_5AD/7TOM_5AD_ligand.mol2,,
361,/mnt/data/posebusters/posebusters_benchmark_set/6XHT_V2V/6XHT_V2V_protein.pdb,/mnt/data/posebusters/posebusters_benchmark_set/6XHT_V2V/6XHT_V2V_ligand.mol2,,
362,/mnt/data/posebusters/posebusters_benchmark_set/7W05_GMP/7W05_GMP_protein.pdb,/mnt/data/posebusters/posebusters_benchmark_set/7W05_GMP/7W05_GMP_ligand.mol2,5.239514708518982,4.0471978187561035
363,/mnt/data/posebusters/posebusters_benchmark_set/8F4J_PHO/8F4J_PHO_protein.pdb,/mnt/data/posebusters/posebusters_benchmark_set/8F4J_PHO/8F4J_PHO_ligand.mol2,,
364,/mnt/data/posebusters/posebusters_benchmark_set/7O1T_5X8/7O1T_5X8_protein.pdb,/mnt/data/posebusters/posebusters_benchmark_set/7O1T_5X8/7O1T_5X8_ligand.mol2,,
365,/mnt/data/posebusters/posebusters_benchmark_set/8AIJ_M9I/8AIJ_M9I_protein.pdb,/mnt/data/posebusters/posebusters_benchmark_set/8AIJ_M9I/8AIJ_M9I_ligand.mol2,6.294288635253906,4.908302307128906
366,/mnt/data/posebusters/posebusters_benchmark_set/7NLV_UJE/7NLV_UJE_protein.pdb,/mnt/data/posebusters/posebusters_benchmark_set/7NLV_UJE/7NLV_UJE_ligand.mol2,5.355126261711121,7.609893321990967
367,/mnt/data/posebusters/posebusters_benchmark_set/6XBO_5MC/6XBO_5MC_protein.pdb,/mnt/data/posebusters/posebusters_benchmark_set/6XBO_5MC/6XBO_5MC_ligand.mol2,,
368,/mnt/data/posebusters/posebusters_benchmark_set/7N4W_P4V/7N4W_P4V_protein.pdb,/mnt/data/posebusters/posebusters_benchmark_set/7N4W_P4V/7N4W_P4V_ligand.mol2,8.653510212898254,6.987546920776367
369,/mnt/data/posebusters/posebusters_benchmark_set/7UJ4_OQ4/7UJ4_OQ4_protein.pdb,/mnt/data/posebusters/posebusters_benchmark_set/7UJ4_OQ4/7UJ4_OQ4_ligand.mol2,5.851922631263733,5.862858295440674
370,/mnt/data/posebusters/posebusters_benchmark_set/7OMJ_GCP/7OMJ_GCP_protein.pdb,/mnt/data/posebusters/posebusters_benchmark_set/7OMJ_GCP/7OMJ_GCP_ligand.mol2,5.69116473197937,1.7572014331817627
371,/mnt/data/posebusters/posebusters_benchmark_set/7V43_C4O/7V43_C4O_protein.pdb,/mnt/data/posebusters/posebusters_benchmark_set/7V43_C4O/7V43_C4O_ligand.mol2,6.687214374542236,0.9742100834846497
372,/mnt/data/posebusters/posebusters_benchmark_set/7KRU_ATP/7KRU_ATP_protein.pdb,/mnt/data/posebusters/posebusters_benchmark_set/7KRU_ATP/7KRU_ATP_ligand.mol2,,
373,/mnt/data/posebusters/posebusters_benchmark_set/7T9O_GEI/7T9O_GEI_protein.pdb,/mnt/data/posebusters/posebusters_benchmark_set/7T9O_GEI/7T9O_GEI_ligand.mol2,5.229282975196838,7.178459644317627
374,/mnt/data/posebusters/posebusters_benchmark_set/7QPP_VDX/7QPP_VDX_protein.pdb,/mnt/data/posebusters/posebusters_benchmark_set/7QPP_VDX/7QPP_VDX_ligand.mol2,8.710501790046692,2.295065402984619
375,/mnt/data/posebusters/posebusters_benchmark_set/7MY1_IPE/7MY1_IPE_protein.pdb,/mnt/data/posebusters/posebusters_benchmark_set/7MY1_IPE/7MY1_IPE_ligand.mol2,4.421787858009338,3.8319802284240723
376,/mnt/data/posebusters/posebusters_benchmark_set/7KFO_IAC/7KFO_IAC_protein.pdb,/mnt/data/posebusters/posebusters_benchmark_set/7KFO_IAC/7KFO_IAC_ligand.mol2,,
377,/mnt/data/posebusters/posebusters_benchmark_set/7VYJ_CA0/7VYJ_CA0_protein.pdb,/mnt/data/posebusters/posebusters_benchmark_set/7VYJ_CA0/7VYJ_CA0_ligand.mol2,,
378,/mnt/data/posebusters/posebusters_benchmark_set/7QFM_AY3/7QFM_AY3_protein.pdb,/mnt/data/posebusters/posebusters_benchmark_set/7QFM_AY3/7QFM_AY3_ligand.mol2,,
379,/mnt/data/posebusters/posebusters_benchmark_set/7CNS_PMV/7CNS_PMV_protein.pdb,/mnt/data/posebusters/posebusters_benchmark_set/7CNS_PMV/7CNS_PMV_ligand.mol2,5.052591562271118,5.681059837341309
380,/mnt/data/posebusters/posebusters_benchmark_set/7NP6_UK8/7NP6_UK8_protein.pdb,/mnt/data/posebusters/posebusters_benchmark_set/7NP6_UK8/7NP6_UK8_ligand.mol2,,
381,/mnt/data/posebusters/posebusters_benchmark_set/7XRL_FWK/7XRL_FWK_protein.pdb,/mnt/data/posebusters/posebusters_benchmark_set/7XRL_FWK/7XRL_FWK_ligand.mol2,,
382,/mnt/data/posebusters/posebusters_benchmark_set/8G6P_API/8G6P_API_protein.pdb,/mnt/data/posebusters/posebusters_benchmark_set/8G6P_API/8G6P_API_ligand.mol2,,
383,/mnt/data/posebusters/posebusters_benchmark_set/7XIJ_EJ3/7XIJ_EJ3_protein.pdb,/mnt/data/posebusters/posebusters_benchmark_set/7XIJ_EJ3/7XIJ_EJ3_ligand.mol2,,
384,/mnt/data/posebusters/posebusters_benchmark_set/8EAD_UY0/8EAD_UY0_protein.pdb,/mnt/data/posebusters/posebusters_benchmark_set/8EAD_UY0/8EAD_UY0_ligand.mol2,4.169813394546509,3.498447895050049
385,/mnt/data/posebusters/posebusters_benchmark_set/7RC3_SAH/7RC3_SAH_protein.pdb,/mnt/data/posebusters/posebusters_benchmark_set/7RC3_SAH/7RC3_SAH_ligand.mol2,,
386,/mnt/data/posebusters/posebusters_benchmark_set/7QHL_D5P/7QHL_D5P_protein.pdb,/mnt/data/posebusters/posebusters_benchmark_set/7QHL_D5P/7QHL_D5P_ligand.mol2,,
387,/mnt/data/posebusters/posebusters_benchmark_set/7AS1_21G/7AS1_21G_protein.pdb,/mnt/data/posebusters/posebusters_benchmark_set/7AS1_21G/7AS1_21G_ligand.mol2,,
388,/mnt/data/posebusters/posebusters_benchmark_set/7EPV_FDA/7EPV_FDA_protein.pdb,/mnt/data/posebusters/posebusters_benchmark_set/7EPV_FDA/7EPV_FDA_ligand.mol2,,
389,/mnt/data/posebusters/posebusters_benchmark_set/7AN5_RDH/7AN5_RDH_protein.pdb,/mnt/data/posebusters/posebusters_benchmark_set/7AN5_RDH/7AN5_RDH_ligand.mol2,4.381442070007324,2.446915626525879
390,/mnt/data/posebusters/posebusters_benchmark_set/7FB7_8NF/7FB7_8NF_protein.pdb,/mnt/data/posebusters/posebusters_benchmark_set/7FB7_8NF/7FB7_8NF_ligand.mol2,2.4346229434013367,3.131078004837036
391,/mnt/data/posebusters/posebusters_benchmark_set/7OU8_1XI/7OU8_1XI_protein.pdb,/mnt/data/posebusters/posebusters_benchmark_set/7OU8_1XI/7OU8_1XI_ligand.mol2,4.660587906837463,5.569764614105225
392,/mnt/data/posebusters/posebusters_benchmark_set/7P1F_KFN/7P1F_KFN_protein.pdb,/mnt/data/posebusters/posebusters_benchmark_set/7P1F_KFN/7P1F_KFN_ligand.mol2,,
393,/mnt/data/posebusters/posebusters_benchmark_set/7LOU_IFM/7LOU_IFM_protein.pdb,/mnt/data/posebusters/posebusters_benchmark_set/7LOU_IFM/7LOU_IFM_ligand.mol2,,
394,/mnt/data/posebusters/posebusters_benchmark_set/7BLG_GAL/7BLG_GAL_protein.pdb,/mnt/data/posebusters/posebusters_benchmark_set/7BLG_GAL/7BLG_GAL_ligand.mol2,2.8532642126083374,2.077951431274414
395,/mnt/data/posebusters/posebusters_benchmark_set/7ZTL_BCN/7ZTL_BCN_protein.pdb,/mnt/data/posebusters/posebusters_benchmark_set/7ZTL_BCN/7ZTL_BCN_ligand.mol2,,
396,/mnt/data/posebusters/posebusters_benchmark_set/7ES1_UDP/7ES1_UDP_protein.pdb,/mnt/data/posebusters/posebusters_benchmark_set/7ES1_UDP/7ES1_UDP_ligand.mol2,,
397,/mnt/data/posebusters/posebusters_benchmark_set/7MAE_XUS/7MAE_XUS_protein.pdb,/mnt/data/posebusters/posebusters_benchmark_set/7MAE_XUS/7MAE_XUS_ligand.mol2,7.273598909378052,5.318633079528809
398,/mnt/data/posebusters/posebusters_benchmark_set/7OEO_V9Z/7OEO_V9Z_protein.pdb,/mnt/data/posebusters/posebusters_benchmark_set/7OEO_V9Z/7OEO_V9Z_ligand.mol2,6.038246750831604,6.286172866821289
399,/mnt/data/posebusters/posebusters_benchmark_set/8B8H_OJQ/8B8H_OJQ_protein.pdb,/mnt/data/posebusters/posebusters_benchmark_set/8B8H_OJQ/8B8H_OJQ_ligand.mol2,5.3379034996032715,6.173145771026611
400,/mnt/data/posebusters/posebusters_benchmark_set/7AMC_73B/7AMC_73B_protein.pdb,/mnt/data/posebusters/posebusters_benchmark_set/7AMC_73B/7AMC_73B_ligand.mol2,5.274733901023865,6.668108940124512
401,/mnt/data/posebusters/posebusters_benchmark_set/7RWO_7WN/7RWO_7WN_protein.pdb,/mnt/data/posebusters/posebusters_benchmark_set/7RWO_7WN/7RWO_7WN_ligand.mol2,,
402,/mnt/data/posebusters/posebusters_benchmark_set/7TB0_UD1/7TB0_UD1_protein.pdb,/mnt/data/posebusters/posebusters_benchmark_set/7TB0_UD1/7TB0_UD1_ligand.mol2,,
403,/mnt/data/posebusters/posebusters_benchmark_set/6ZCY_QF8/6ZCY_QF8_protein.pdb,/mnt/data/posebusters/posebusters_benchmark_set/6ZCY_QF8/6ZCY_QF8_ligand.mol2,,
404,/mnt/data/posebusters/posebusters_benchmark_set/7MMH_ZJY/7MMH_ZJY_protein.pdb,/mnt/data/posebusters/posebusters_benchmark_set/7MMH_ZJY/7MMH_ZJY_ligand.mol2,5.301263928413391,5.902435302734375
405,/mnt/data/posebusters/posebusters_benchmark_set/6YRV_PJ8/6YRV_PJ8_protein.pdb,/mnt/data/posebusters/posebusters_benchmark_set/6YRV_PJ8/6YRV_PJ8_ligand.mol2,6.29269540309906,3.9707143306732178
406,/mnt/data/posebusters/posebusters_benchmark_set/6VS3_R6V/6VS3_R6V_protein.pdb,/mnt/data/posebusters/posebusters_benchmark_set/6VS3_R6V/6VS3_R6V_ligand.mol2,,
407,/mnt/data/posebusters/posebusters_benchmark_set/8DW5_FQ7/8DW5_FQ7_protein.pdb,/mnt/data/posebusters/posebusters_benchmark_set/8DW5_FQ7/8DW5_FQ7_ligand.mol2,5.083237886428833,5.358485698699951
408,/mnt/data/posebusters/posebusters_benchmark_set/7AVI_S2Q/7AVI_S2Q_protein.pdb,/mnt/data/posebusters/posebusters_benchmark_set/7AVI_S2Q/7AVI_S2Q_ligand.mol2,4.841647148132324,6.574683666229248
409,/mnt/data/posebusters/posebusters_benchmark_set/7RH3_59O/7RH3_59O_protein.pdb,/mnt/data/posebusters/posebusters_benchmark_set/7RH3_59O/7RH3_59O_ligand.mol2,,
410,/mnt/data/posebusters/posebusters_benchmark_set/7WL4_JFU/7WL4_JFU_protein.pdb,/mnt/data/posebusters/posebusters_benchmark_set/7WL4_JFU/7WL4_JFU_ligand.mol2,6.5676140785217285,4.9885077476501465
411,/mnt/data/posebusters/posebusters_benchmark_set/7CNQ_G8X/7CNQ_G8X_protein.pdb,/mnt/data/posebusters/posebusters_benchmark_set/7CNQ_G8X/7CNQ_G8X_ligand.mol2,6.828214526176453,1.571441888809204
412,/mnt/data/posebusters/posebusters_benchmark_set/6YT6_PKE/6YT6_PKE_protein.pdb,/mnt/data/posebusters/posebusters_benchmark_set/6YT6_PKE/6YT6_PKE_ligand.mol2,7.245039939880371,5.757328987121582
413,/mnt/data/posebusters/posebusters_benchmark_set/8A2D_KXY/8A2D_KXY_protein.pdb,/mnt/data/posebusters/posebusters_benchmark_set/8A2D_KXY/8A2D_KXY_ligand.mol2,,
414,/mnt/data/posebusters/posebusters_benchmark_set/7N03_ZRP/7N03_ZRP_protein.pdb,/mnt/data/posebusters/posebusters_benchmark_set/7N03_ZRP/7N03_ZRP_ligand.mol2,6.362901926040649,4.968988418579102
415,/mnt/data/posebusters/posebusters_benchmark_set/7TE8_P0T/7TE8_P0T_protein.pdb,/mnt/data/posebusters/posebusters_benchmark_set/7TE8_P0T/7TE8_P0T_ligand.mol2,6.293572783470154,4.04741096496582
416,/mnt/data/posebusters/posebusters_benchmark_set/7WDT_NGS/7WDT_NGS_protein.pdb,/mnt/data/posebusters/posebusters_benchmark_set/7WDT_NGS/7WDT_NGS_ligand.mol2,3.921995162963867,2.2361700534820557
417,/mnt/data/posebusters/posebusters_benchmark_set/6M73_FNR/6M73_FNR_protein.pdb,/mnt/data/posebusters/posebusters_benchmark_set/6M73_FNR/6M73_FNR_ligand.mol2,,
418,/mnt/data/posebusters/posebusters_benchmark_set/7LZD_YHY/7LZD_YHY_protein.pdb,/mnt/data/posebusters/posebusters_benchmark_set/7LZD_YHY/7LZD_YHY_ligand.mol2,,
419,/mnt/data/posebusters/posebusters_benchmark_set/7TH4_FFO/7TH4_FFO_protein.pdb,/mnt/data/posebusters/posebusters_benchmark_set/7TH4_FFO/7TH4_FFO_ligand.mol2,,
420,/mnt/data/posebusters/posebusters_benchmark_set/7P85_5ZG/7P85_5ZG_protein.pdb,/mnt/data/posebusters/posebusters_benchmark_set/7P85_5ZG/7P85_5ZG_ligand.mol2,6.510173678398132,2.7243759632110596
421,/mnt/data/posebusters/posebusters_benchmark_set/7YZU_DO7/7YZU_DO7_protein.pdb,/mnt/data/posebusters/posebusters_benchmark_set/7YZU_DO7/7YZU_DO7_ligand.mol2,5.5482107400894165,1.5636093616485596
422,/mnt/data/posebusters/posebusters_benchmark_set/7UY4_SMI/7UY4_SMI_protein.pdb,/mnt/data/posebusters/posebusters_benchmark_set/7UY4_SMI/7UY4_SMI_ligand.mol2,5.223163962364197,3.0508131980895996
423,/mnt/data/posebusters/posebusters_benchmark_set/7B0E_C2E/7B0E_C2E_protein.pdb,/mnt/data/posebusters/posebusters_benchmark_set/7B0E_C2E/7B0E_C2E_ligand.mol2,4.146321415901184,5.799890995025635
424,/mnt/data/posebusters/posebusters_benchmark_set/6VTA_AKN/6VTA_AKN_protein.pdb,/mnt/data/posebusters/posebusters_benchmark_set/6VTA_AKN/6VTA_AKN_ligand.mol2,4.216321110725403,7.184150695800781
425,/mnt/data/posebusters/posebusters_benchmark_set/7PJQ_OWH/7PJQ_OWH_protein.pdb,/mnt/data/posebusters/posebusters_benchmark_set/7PJQ_OWH/7PJQ_OWH_ligand.mol2,3.711901307106018,2.3666698932647705
426,/mnt/data/posebusters/posebusters_benchmark_set/7ZXV_45D/7ZXV_45D_protein.pdb,/mnt/data/posebusters/posebusters_benchmark_set/7ZXV_45D/7ZXV_45D_ligand.mol2,,
427,/mnt/data/posebusters/posebusters_benchmark_set/7NPL_UKZ/7NPL_UKZ_protein.pdb,/mnt/data/posebusters/posebusters_benchmark_set/7NPL_UKZ/7NPL_UKZ_ligand.mol2,6.606767773628235,4.189332008361816
