pdb_id,rmsd
7NML_I7B,37.6764
7QE4_NGA,105.1562
7PUV_84Z,19.1161
8DZT_G4P,-1
7AVI_S2Q,50.1542
8AIE_M7L,31.0393
7N03_ZRP,4.0163
7BKA_4JC,45.6228
7WQQ_5Z6,3.4298
7AN5_RDH,17.4534
8AQL_PLG,26.6650
7MGT_ZD4,6.2479
8EAD_UY0,1.9915
7A1P_QW2,1.3065
7A9H_TPP,1.4792
8CGC_LMR,19.8893
8A1H_DLZ,-1
7SDD_4IP,6.6850
7NXO_UU8,-1
7FRX_O88,52.8848
7BMI_U4B,2.8387
7EBG_J0L,4.7027
7E4L_MDN,4.7265
7WUX_6OI,28.4458
7L81_UD4,-1
6Z5Z_BDF,17.3366
7ZXV_45D,12.9081
7MFP_Z7P,-1
7OLT_58J,6.3866
7VWF_K55,8.7191
7CUO_PHB,32.0248
7S45_ACO,25.7810
7AFX_R9K,-1
7R6J_2I7,35.3949
7PRM_81I,3.2560
7MEU_MGP,-1
8FLN_Y7W,2.6416
7C3U_AZG,-1
8AP0_PRP,5.8722
7D8Q_GZF,7.0329
7UP3_NZ0,-1
8CI0_8EL,99.5352
7MWU_ZPM,3.4892
6Z1C_7EY,1.0909
8DP2_UMA,-1
7TS6_KMI,34.0315
7CTM_BDP,4.0916
7PJQ_OWH,2.2334
7RH8_UTP,-1
7LZQ_YJV,8.2113
7TM6_GPJ,2.4738
6XBO_5MC,7.4429
7TXK_LW8,4.3364
6X8D_ARA,6.1491
7QHG_T3B,35.1980
7JUD_MMA,5.2010
7P4V_DAT,4.9486
7UJ5_DGL,16.0853
7Q27_8KC,-1
7VB8_STL,4.4701
6ZT2_QPK,3.7884
6Z14_Q4Z,5.5169
7MWN_WI5,4.3419
7M6K_YRJ,39.5609
8ERS_WQO,24.7022
7B2C_TP7,21.7094
7RPZ_6IC,10.1917
7RUI_7QZ,3.5872
8FAV_4Y5,71.0678
7ZU2_DHT,0.6315
7N6F_0I1,10.1097
7BTT_F8R,-1
7ZYS_KNR,6.2912
7F51_BA7,2.3736
7Z2O_IAJ,2.9647
7OKF_VH5,-1
7KQU_YOF,15.8020
7LOE_Y84,3.5896
7CL8_TES,6.1390
7OEO_V9Z,3.5184
7Q5I_I0F,2.0289
6YQW_82I,1.0580
7QFM_AY3,2.5594
7ZXZ_K9R,20.2920
7EN7_J79,4.8127
7OFF_VCB,5.0075
8C3N_ADP,3.9980
7LMO_NYO,-1
7NR6_UO8,-1
6ZR8_QOZ,3.2514
7P2W_4QR,-1
6XG5_TOP,2.4493
7L7C_XQ1,3.1839
7YZU_DO7,3.6333
7ECR_SIN,32.2252
7N7H_CTP,10.2341
7THI_PGA,43.5536
7TUO_KL9,9.7718
8BN6_R53,-1
8CSD_C5P,48.5219
7TSF_H4B,-1
7T1D_E7K,32.8784
7XEK_9YX,5.2110
7ES1_UDP,-1
7DKT_GLF,1.7468
7WL4_JFU,4.2234
7VQ9_ISY,30.5882
7P4C_5OV,1.1760
7V8Z_5YH,10.3027
7KZ9_XN7,43.1437
7ROU_66I,6.8036
7XJN_NSD,39.8700
7QK0_EBL,27.5031
7JR8_VH7,25.4826
7JHQ_VAJ,18.4014
7UAS_MBU,58.8279
7DUA_HJ0,-1
7LEV_0JO,34.0012
7ZHP_IQY,-1
7VKZ_NOJ,6.1680
6YMS_OZH,7.5530
7TH4_FFO,-1
8G43_ZU6,1.4700
7T0U_E3I,27.6501
8FLV_ZB9,-1
6M2B_EZO,17.9225
7CD9_FVR,-1
7BLG_GAL,2.2002
7OZC_G6S,5.3878
7RSV_7IQ,27.1685
7TXP_0FX,-1
8H0M_2EH,3.3111
7SCW_GSP,-1
6TW7_NZB,-1
7SZA_DUI,16.7804
7OU8_1XI,49.0432
8AAU_LH0,2.5378
7NF3_4LU,-1
6XM9_V55,4.6028
7VC5_9SF,3.3663
7U0U_FK5,5.4501
7OMX_CNA,9.1821
7VJT_7IJ,17.1081
7BA0_T5H,2.6131
6XCT_478,5.1863
7NLV_UJE,21.1132
7PK0_BYC,18.4002
8FV9_80J,33.0107
7CIJ_G0C,26.6609
7REE_4LY,-1
7MZS_GLA,17.2922
7RC3_SAH,1.5440
7C6P_SQH,6.1735
6YYO_Q1K,9.1066
6WTN_RXT,-1
7D0P_1VU,3.1719
7RWO_7WN,2.3646
7POM_7VZ,17.7793
7MMH_ZJY,1.6149
7XQZ_FPF,6.2414
8ACL_LQL,4.8621
6YQV_8K2,1.5543
6YDY_K73,0.8096
7V14_ORU,1.1064
7MSR_DCA,7.5948
7UEY_N0R,18.4290
7Z1Q_NIO,2.7555
7D9L_GSF,3.2381
7RWS_4UR,-1
7R3D_APR,36.9155
8D5D_5DK,27.5680
7M41_YQG,-1
7KM8_WPD,19.0469
7P5T_5YG,8.2919
8DSC_NCA,3.6353
8EXL_799,2.1678
8D39_QDB,6.1984
7ULC_56B,-1
7D5C_GV6,5.5544
7KFO_IAC,-1
8AJX_FUM,4.4040
7BNH_BEZ,2.8482
7QGP_DJ8,1.2193
7AS1_21G,-1
8C7Y_TXV,-1
7OCB_V88,3.6183
7JGW_V9S,5.9558
7P1M_4IU,20.0902
7PA4_C,18.1548
8AIJ_M9I,43.0994
7B94_ANP,2.0549
7FHA_ADX,8.7596
7EPV_FDA,-1
7WKL_CAQ,21.3472
6Z4N_Q7B,37.4546
8EYE_X4I,3.5345
7XPO_UPG,-1
7KRU_ATP,27.9462
7PGX_FMN,-1
7ZZB_KGX,5.8712
8FO5_Y4U,33.5198
7B0E_C2E,-1
7FT9_4MB,38.2058
7C0U_FGO,-1
7MRH_ZMJ,2.2074
7DIN_MPO,5.6225
8GFD_ZHR,15.0204
7KC5_BJZ,30.2523
7M3H_YPV,6.7374
7UQ3_O2U,2.4117
7N7B_T3F,-1
7RNI_60I,6.7189
7SSM_B7L,18.6339
6T88_MWQ,-1
6YRV_PJ8,11.1721
7JNB_A2G,6.7698
7ZF0_DHR,2.7515
7OZ9_NGK,50.5036
7DQL_4CL,41.1428
7QF4_RBF,-1
7KB1_WBJ,31.7624
8EAB_VN2,8.8465
8BTI_RFO,2.3418
7XFA_D9J,2.8401
8HO0_3ZI,-1
8HFN_XGC,10.0966
7TYP_KUR,-1
7X5N_5M5,-1
6XAF_GDP,-1
7LJN_GTP,-1
6M73_FNR,-1
7UMV_NUU,10.8975
7Q25_8J9,50.6681
7PT3_3KK,16.3470
6XUM_30L,4.4566
7VYJ_CA0,7.9764
7MYU_ZR7,1.7165
8BRO_R7E,11.5896
7NPL_UKZ,20.2340
7ROR_69X,3.5313
7UXS_OJC,20.6270
7AMC_73B,31.4789
7P4J_5JK,5.7411
8DHG_T78,14.8485
7OSO_0V1,2.3171
8F4J_PHO,57.5215
7RH3_59O,4.8008
7P1F_KFN,2.7667
7L6D_BMF,0.9777
7ED2_A3P,16.6103
8CNH_V6U,2.6320
7LCU_XTA,10.0603
7XIJ_EJ3,2.5213
7QPP_VDX,1.0224
7TOM_5AD,7.2403
7WN5_JGL,-1
7MS7_ZQ1,23.7046
7PRI_7TI,2.7312
7P85_5ZG,3.3350
7P2I_MFU,18.7827
6ZX3_QRZ,-1
6Z0R_Q4H,11.9236
8AUH_L9I,38.3925
7UJ4_OQ4,9.3344
7CNS_PMV,4.6059
7MY1_IPE,4.9935
7S9H_7PP,1.0989
7T0D_FPP,2.7528
8F8E_XJI,-1
7ZCC_OGA,37.6390
7SNE_9XR,33.5513
7V43_C4O,5.6624
6YJA_2BA,10.5996
7R59_I5F,0.9841
7NR8_UOE,3.1809
7NLK_UHK,35.8807
8G6P_API,6.8948
7N4N_0BK,1.8682
7CNQ_G8X,25.3813
6YSP_PAL,32.9671
7A9E_R4W,19.0785
6Z2C_Q5E,35.1768
7VBU_6I4,-1
7O0N_CDP,9.7123
7WCF_ACP,2.2742
6W59_SZD,28.0849
6ZCY_QF8,1.1387
6ZXQ_IMO,15.0369
6YR2_T1C,28.2474
8B8H_OJQ,6.3017
7Q2B_M6H,4.7027
7WPW_F15,1.2292
7ZL5_IWE,-1
5SAK_ZRY,6.3019
7SED_8VD,3.1698
7NTG_F6R,2.5089
7AA0_R6B,2.9996
7NFB_GEN,28.9958
7WDT_NGS,1.7467
5SD5_HWI,3.9656
7RZL_NPO,8.9636
7NA4_1I9,-1
7OFK_VCH,1.2974
7MGY_ZD1,4.1579
7LB3_XXS,-1
7BJ6_TVK,3.4216
8AEM_LVF,-1
7NF0_BYN,-1
7WJB_BGC,1.8215
7T9O_GEI,14.3280
8G0V_YHT,61.6443
7TWC_CXS,9.4169
7F5D_EUO,-1
8DKO_TFB,2.4791
7BHX_TO5,34.9462
7JG0_GAR,8.7224
7XRL_FWK,22.2780
7K0V_VQP,35.7160
7X9K_8OG,1.5502
7OP9_06K,-1
7T3E_SLB,4.0822
7PL1_SFG,1.1607
7L5F_XNG,5.3977
7N4W_P4V,5.7026
7QHL_D5P,-1
7ZTL_BCN,10.0330
7NB4_U6Q,1.1662
7WUY_76N,-1
7RKW_5TV,8.4794
7NP6_UK8,-1
7R7R_AWJ,1.5136
7SIU_9ID,47.1771
7UTW_NAI,39.4537
7V3S_5I9,0.9812
7MOI_HPS,7.9924
7WY1_D0L,38.7773
8AY3_OE3,3.4748
6ZPB_3D1,9.3642
7XBV_APC,5.8462
7TBU_S3P,6.7599
7UY4_SMI,7.5477
7L03_F9F,1.3731
7L00_XCJ,8.8264
7W6F_8I6,7.3099
7T2I_E9F,-1
7ODX_DGP,-1
7TE8_P0T,22.4174
7FB7_8NF,12.6252
7ZZW_KKW,53.9314
7LOU_IFM,43.9223
8DW5_FQ7,3.2011
7W06_ITN,3.8526
7AKL_RK5,6.8076
7BLA_WCS,3.4057
7XG5_PLP,28.8474
7OLI_8HG,40.5536
7TB0_UD1,-1
7NGW_UAW,7.4323
6Y7L_QMG,3.9950
7UMW_NAD,34.1569
6ZC3_JOR,16.7514
7OPG_06N,6.0039
7ORW_7WA,-1
7OKC_VFE,12.3759
8SLG_G5A,16.2422
6TW5_9M2,-1
7QSW_CAP,22.2385
7BJJ_TVW,-1
6ZAE_ACV,5.4925
7F8T_FAD,-1
7SGV_L30,4.9437
5SIS_JSM,1.7722
7V3N_AKG,1.5956
7C8Q_DSG,19.1086
7JMV_4NC,2.5877
7OMJ_GCP,-1
6XHT_V2V,69.3216
7NUT_GLP,2.5357
7K41_VUA,6.4436
6YT6_PKE,45.4403
7M31_TDR,-1
7USH_82V,1.6392
6VS3_R6V,-1
7ODY_DGI,-1
7U3J_L6U,6.0146
7ZOC_T8E,1.7053
8BOM_QU6,0.5836
7SFO_98L,16.0662
8BPL_CP,5.1572
7Q19_DSM,5.8179
7JY3_VUD,-1
7ZDY_6MJ,24.4051
8E77_ULP,-1
8C5D_GTB,25.9049
7UF2_5SP,2.3889
7UJF_R3V,35.4645
7QTA_URI,-1
7JXX_VP7,-1
7UAW_MF6,16.8302
7BCP_GCO,3.8323
7T3F_EM0,1.3151
8A2D_KXY,12.3399
8EX2_Q2Q,1.3594
7LZD_YHY,-1
7KLX_WOV,27.6128
7E2S_BLA,-1
7LT0_ONJ,1.6228
7ELT_TYM,-1
7Z7F_IF3,4.1156
5S8I_2LY,5.2293
8AEU_M0L,2.2904
5SB2_1K2,-1
7NSW_HC4,39.1684
6VTA_AKN,9.1282
8D19_GSH,5.9982
7R9N_F97,58.8619
8C5M_MTA,1.6852
7SUC_COM,26.2974
7XI7_4RI,3.0950
7PIH_7QW,2.7043
7D6O_MTE,-1
7UYB_OK0,-1
7NU0_DCL,7.7649
6ZK5_IMH,-1
7O1T_5X8,6.0198
7KP6_WTP,1.7232
7W05_GMP,-1
7MAE_XUS,1.5739
